报告开始日期,广告名称,广告投放,归因设置,成效指标,覆盖人数,展示次数,频次,链接点击量,单次链接点击费用 (USD),CPM（千次展示费用） (USD),落地页浏览量,点击量（全部）,已花费金额 (USD),加入购物车次数,结账发起次数,添加支付信息,购物次数,购物转化价值,广告组预算,广告组预算类型,视频平均播放时长,播放视频达 3 秒的次数,视频播放进度达 100% 的次数,单次链接点击费用 - 独立用户 (USD),质量排名,互动率排名,转化率排名
2026-04-01,短袖T-01,ACTIVE,点击后 7 天内、浏览后 1 天内或互动观看后 1 天内,actions:offsite_conversion.fb_pixel_purchase,10950,20805,1.9,374,0.4,7.21,318,374,150,45,25,18,15,525.0,150,单日预算,,,,0.4,高于平均,平均,高于平均
2026-04-01,短袖T-02,ACTIVE,点击后 7 天内、浏览后 1 天内或互动观看后 1 天内,actions:offsite_conversion.fb_pixel_purchase,600,816,1.36,9,1.0,11.03,8,9,9,1,0,0,0,0.0,40,单日预算,,,,1.0,平均,平均,平均
2026-04-01,短袖T-03,ACTIVE,点击后 7 天内、浏览后 1 天内或互动观看后 1 天内,actions:offsite_conversion.fb_pixel_purchase,6500,27300,4.2,87,1.72,5.49,74,87,150,1,0,0,0,0.0,150,单日预算,,,,1.72,低于平均,低于平均,低于平均
2026-04-01,短袖T-04,ACTIVE,点击后 7 天内、浏览后 1 天内或互动观看后 1 天内,actions:offsite_conversion.fb_pixel_add_to_cart,7000,14980,2.14,180,0.67,8.01,153,180,120,54,9,4,1,35.0,120,单日预算,,,,0.67,平均,高于平均,平均
2026-04-01,短袖T-05,ACTIVE,点击后 7 天内、浏览后 1 天内,actions:offsite_conversion.fb_pixel_purchase,5300,11130,2.1,178,0.56,8.98,151,178,100,2,0,0,0,0.0,100,单日预算,,,,1.02,平均,平均,平均
2026-04-01,短袖T-06,ACTIVE,点击后 7 天内、浏览后 1 天内或互动观看后 1 天内,actions:offsite_conversion.fb_pixel_purchase,8000,17120,2.14,188,0.64,7.01,160,188,120,4,1,1,1,35.0,120,单日预算,00:00:02,6300,90,0.64,平均,平均,平均
2026-04-01,短袖T-07,ACTIVE,点击后 7 天内、浏览后 1 天内或互动观看后 1 天内,actions:offsite_conversion.fb_pixel_purchase,6600,12540,1.9,176,0.57,7.97,150,176,100,16,8,6,4,140.0,100,单日预算,,,,0.57,平均,平均,平均
2026-04-01,短袖T-08,ACTIVE,点击后 7 天内、浏览后 1 天内或互动观看后 1 天内,actions:offsite_conversion.fb_pixel_purchase,150,180,1.2,2,2.0,22.22,2,2,4,0,0,0,0,0.0,80,单日预算,,,,2.0,平均,平均,平均
2026-04-02,短袖T-01,ACTIVE,点击后 7 天内、浏览后 1 天内或互动观看后 1 天内,actions:offsite_conversion.fb_pixel_purchase,11200,22400,2.0,403,0.37,6.7,343,403,150,48,26,18,15,525.0,150,单日预算,,,,0.37,高于平均,平均,高于平均
2026-04-02,短袖T-02,ACTIVE,点击后 7 天内、浏览后 1 天内或互动观看后 1 天内,actions:offsite_conversion.fb_pixel_purchase,660,898,1.36,10,1.0,11.14,8,10,10,1,0,0,0,0.0,40,单日预算,,,,1.0,平均,平均,平均
2026-04-02,短袖T-03,ACTIVE,点击后 7 天内、浏览后 1 天内或互动观看后 1 天内,actions:offsite_conversion.fb_pixel_purchase,6560,30176,4.6,88,1.7,4.97,75,88,150,1,0,0,0,0.0,150,单日预算,,,,1.7,低于平均,低于平均,低于平均
2026-04-02,短袖T-04,ACTIVE,点击后 7 天内、浏览后 1 天内或互动观看后 1 天内,actions:offsite_conversion.fb_pixel_add_to_cart,7050,15228,2.16,183,0.66,7.88,156,183,120,55,9,4,1,35.0,120,单日预算,,,,0.66,平均,高于平均,平均
2026-04-02,短袖T-05,ACTIVE,点击后 7 天内、浏览后 1 天内,actions:offsite_conversion.fb_pixel_purchase,5330,11300,2.12,181,0.55,8.85,154,181,100,2,0,0,0,0.0,100,单日预算,,,,1.0,平均,平均,平均
2026-04-02,短袖T-06,ACTIVE,点击后 7 天内、浏览后 1 天内或互动观看后 1 天内,actions:offsite_conversion.fb_pixel_purchase,8030,17345,2.16,191,0.63,6.92,162,191,120,4,1,1,1,35.0,120,单日预算,00:00:02,6320,92,0.63,平均,平均,平均
2026-04-02,短袖T-07,ACTIVE,点击后 7 天内、浏览后 1 天内或互动观看后 1 天内,actions:offsite_conversion.fb_pixel_purchase,6800,13940,2.05,192,0.52,7.17,163,192,100,17,8,6,4,140.0,100,单日预算,,,,0.52,平均,平均,平均
2026-04-02,短袖T-08,ACTIVE,点击后 7 天内、浏览后 1 天内或互动观看后 1 天内,actions:offsite_conversion.fb_pixel_purchase,250,310,1.24,3,2.33,22.58,3,3,7,0,0,0,0,0.0,80,单日预算,,,,2.33,平均,平均,平均
2026-04-03,短袖T-01,ACTIVE,点击后 7 天内、浏览后 1 天内或互动观看后 1 天内,actions:offsite_conversion.fb_pixel_purchase,11450,24045,2.1,433,0.35,6.24,368,433,150,52,29,20,17,595.0,150,单日预算,,,,0.35,高于平均,平均,高于平均
2026-04-03,短袖T-02,ACTIVE,点击后 7 天内、浏览后 1 天内或互动观看后 1 天内,actions:offsite_conversion.fb_pixel_purchase,600,828,1.38,9,1.0,10.87,8,9,9,1,0,0,0,0.0,40,单日预算,,,,1.0,平均,平均,平均
2026-04-03,短袖T-03,ACTIVE,点击后 7 天内、浏览后 1 天内或互动观看后 1 天内,actions:offsite_conversion.fb_pixel_purchase,6600,33000,5.0,86,1.74,4.55,73,86,150,1,0,0,0,0.0,150,单日预算,,,,1.74,低于平均,低于平均,低于平均
2026-04-03,短袖T-04,ACTIVE,点击后 7 天内、浏览后 1 天内或互动观看后 1 天内,actions:offsite_conversion.fb_pixel_add_to_cart,7100,15478,2.18,186,0.65,7.75,158,186,120,56,9,4,1,35.0,120,单日预算,,,,0.65,平均,高于平均,平均
2026-04-03,短袖T-05,ACTIVE,点击后 7 天内、浏览后 1 天内,actions:offsite_conversion.fb_pixel_purchase,5360,11470,2.14,184,0.54,8.72,156,184,100,2,0,0,0,0.0,100,单日预算,,,,0.99,平均,平均,平均
2026-04-03,短袖T-06,ACTIVE,点击后 7 天内、浏览后 1 天内或互动观看后 1 天内,actions:offsite_conversion.fb_pixel_purchase,8060,17571,2.18,193,0.62,6.83,164,193,120,4,1,1,1,35.0,120,单日预算,00:00:02,6280,88,0.62,平均,平均,平均
2026-04-03,短袖T-07,ACTIVE,点击后 7 天内、浏览后 1 天内或互动观看后 1 天内,actions:offsite_conversion.fb_pixel_purchase,7000,15400,2.2,208,0.48,6.49,177,208,100,19,10,8,5,175.0,100,单日预算,,,,0.48,平均,平均,平均
2026-04-03,短袖T-08,ACTIVE,点击后 7 天内、浏览后 1 天内或互动观看后 1 天内,actions:offsite_conversion.fb_pixel_purchase,400,520,1.3,6,2.0,23.08,5,6,12,1,1,0,0,0.0,80,单日预算,,,,2.0,平均,平均,平均
2026-04-04,短袖T-01,ACTIVE,点击后 7 天内、浏览后 1 天内或互动观看后 1 天内,actions:offsite_conversion.fb_pixel_purchase,11700,26325,2.25,474,0.32,5.7,403,474,150,57,31,22,18,630.0,150,单日预算,,,,0.32,高于平均,平均,高于平均
2026-04-04,短袖T-02,ACTIVE,点击后 7 天内、浏览后 1 天内或互动观看后 1 天内,actions:offsite_conversion.fb_pixel_purchase,720,1008,1.4,11,1.0,10.91,9,11,11,1,0,0,0,0.0,40,单日预算,,,,1.0,平均,平均,平均
2026-04-04,短袖T-03,ACTIVE,点击后 7 天内、浏览后 1 天内或互动观看后 1 天内,actions:offsite_conversion.fb_pixel_purchase,6650,34912,5.25,80,1.88,4.3,68,80,150,1,0,0,0,0.0,150,单日预算,,,,1.88,低于平均,低于平均,低于平均
2026-04-04,短袖T-04,ACTIVE,点击后 7 天内、浏览后 1 天内或互动观看后 1 天内,actions:offsite_conversion.fb_pixel_add_to_cart,7150,15730,2.2,189,0.63,7.63,161,189,120,57,9,4,1,35.0,120,单日预算,,,,0.63,平均,高于平均,平均
2026-04-04,短袖T-05,ACTIVE,点击后 7 天内、浏览后 1 天内,actions:offsite_conversion.fb_pixel_purchase,5390,11642,2.16,186,0.54,8.59,158,186,100,2,0,0,0,0.0,100,单日预算,,,,0.98,平均,平均,平均
2026-04-04,短袖T-06,ACTIVE,点击后 7 天内、浏览后 1 天内或互动观看后 1 天内,actions:offsite_conversion.fb_pixel_purchase,8090,17798,2.2,196,0.61,6.74,167,196,120,4,1,1,1,35.0,120,单日预算,00:00:02,6310,91,0.61,平均,平均,平均
2026-04-04,短袖T-07,PAUSED,点击后 7 天内、浏览后 1 天内或互动观看后 1 天内,actions:offsite_conversion.fb_pixel_purchase,0,0,0,0,,0,0,0,0,0,0,0,0,0.0,100,单日预算,,,,,平均,平均,平均
2026-04-04,短袖T-08,ACTIVE,点击后 7 天内、浏览后 1 天内或互动观看后 1 天内,actions:offsite_conversion.fb_pixel_purchase,620,843,1.36,9,2.0,21.35,8,9,18,2,1,1,1,35.0,80,单日预算,,,,2.0,平均,平均,平均
2026-04-05,短袖T-01,ACTIVE,点击后 7 天内、浏览后 1 天内或互动观看后 1 天内,actions:offsite_conversion.fb_pixel_purchase,11950,28680,2.4,516,0.29,5.23,439,516,150,62,34,24,20,700.0,150,单日预算,,,,0.29,高于平均,平均,高于平均
2026-04-05,短袖T-02,ACTIVE,点击后 7 天内、浏览后 1 天内或互动观看后 1 天内,actions:offsite_conversion.fb_pixel_purchase,720,1022,1.42,11,1.0,10.76,9,11,11,2,1,0,0,0.0,40,单日预算,,,,1.0,平均,平均,平均
2026-04-05,短袖T-03,ACTIVE,点击后 7 天内、浏览后 1 天内或互动观看后 1 天内,actions:offsite_conversion.fb_pixel_purchase,6700,36850,5.5,74,2.03,4.07,63,74,150,1,0,0,0,0.0,150,单日预算,,,,2.03,低于平均,低于平均,低于平均
2026-04-05,短袖T-04,ACTIVE,点击后 7 天内、浏览后 1 天内或互动观看后 1 天内,actions:offsite_conversion.fb_pixel_add_to_cart,7200,15984,2.22,192,0.62,7.51,163,192,120,58,9,4,1,35.0,120,单日预算,,,,0.62,平均,高于平均,平均
2026-04-05,短袖T-05,ACTIVE,点击后 7 天内、浏览后 1 天内,actions:offsite_conversion.fb_pixel_purchase,5420,11816,2.18,189,0.53,8.46,161,189,100,2,0,0,0,0.0,100,单日预算,,,,0.96,平均,平均,平均
2026-04-05,短袖T-06,ACTIVE,点击后 7 天内、浏览后 1 天内或互动观看后 1 天内,actions:offsite_conversion.fb_pixel_purchase,8120,18026,2.22,198,0.61,6.66,168,198,120,4,1,1,1,35.0,120,单日预算,00:00:02,6290,90,0.61,平均,平均,平均
2026-04-05,短袖T-07,PAUSED,点击后 7 天内、浏览后 1 天内或互动观看后 1 天内,actions:offsite_conversion.fb_pixel_purchase,0,0,0,0,,0,0,0,0,0,0,0,0,0.0,100,单日预算,,,,,平均,平均,平均
2026-04-05,短袖T-08,ACTIVE,点击后 7 天内、浏览后 1 天内或互动观看后 1 天内,actions:offsite_conversion.fb_pixel_purchase,900,1278,1.42,14,1.86,20.34,12,14,26,3,2,1,1,35.0,80,单日预算,,,,1.86,平均,平均,平均
