对象,目标,花费,ROAS,真值,AI动作,一致,调幅%,理由
新互动广告系列-0923-内衣2-1-新,OUTCOME_ENGAGEMENT,99.47,0.68,暂停,pause,✓,0,互动广告ABO，5天花费99.47仅出1单（出单天数1），净额-31.43亏损，近三天1单ROAS1.13但今日零转化，止损。
新互动广告系列-0923-内衣3-1-新,OUTCOME_ENGAGEMENT,122.81,0.0,暂停,pause,✓,0,互动广告ABO，5天花费122.81零出单（出单天数0），近三天0单ROAS0，加购10但无购买，持续烧钱止损。
新互动广告系列-0923-卫衣2-1-新 - 广告副本,OUTCOME_ENGAGEMENT,49.22,0.0,暂停,pause,✓,0,互动广告ABO，5天花费49.22零出单（出单天数0），近三天0单ROAS0，加购4无购买，持续亏损止损。
新互动广告系列-0923-围巾1-1-新,OUTCOME_ENGAGEMENT,147.89,0.45,暂停,pause,✓,0,互动广告ABO，5天花费147.89出2单（出单天数2），净额-81.34亏损，近三天1单ROAS0.34恶化，止损。
新互动广告系列-0923-夹克2-1-新 - 广告副本,OUTCOME_ENGAGEMENT,99.44,0.0,暂停,pause,✓,0,互动广告CBO，5天花费99.44零出单（出单天数0），近三天0单ROAS0，加购5无购买，持续亏损止损。
新互动广告系列-0923-帽子3-1-新,OUTCOME_ENGAGEMENT,248.59,1.26,加预算,increase_budget,✓,20,互动广告ABO，5天出10单（出单天数5），近三天6单ROAS1.27稳定盈利，加购结账购买全链健康，加预算。
新互动广告系列-0923-手表2-1-新 - 广告副本,OUTCOME_ENGAGEMENT,150.36,0.0,暂停,pause,✓,0,互动广告CBO，5天花费150.36零出单（出单天数0），近三天0单ROAS0，加购4无购买，持续亏损止损。
新互动广告系列-0923-毛衣2-1-新,OUTCOME_ENGAGEMENT,59.89,0.0,暂停,pause,✓,0,互动广告CBO，5天花费59.89零出单（出单天数0），近三天0单ROAS0，加购2无购买，持续亏损止损。
新互动广告系列-0923-短袖T恤3-1-新,OUTCOME_ENGAGEMENT,129.64,0.34,暂停,pause,✓,0,互动广告ABO，5天花费129.64仅出1单（出单天数1），净额-86.04亏损，近三天1单ROAS0.55，止损。
新互动广告系列-0923-短裤3-1-新,OUTCOME_ENGAGEMENT,243.53,0.43,暂停,pause,✓,0,互动广告CBO，5天花费243.53出2单（出单天数2），净额-139.54亏损，近三天1单ROAS0.35恶化，止损。
新互动广告系列-0923-背心1-1-新,OUTCOME_ENGAGEMENT,127.42,0.67,暂停,pause,✓,0,互动广告ABO，5天花127.42元仅2单价值85.74元，净亏41.68元，近3天1单ROAS0.54，加购16但购买仅2，止损暂停。
新互动广告系列-0923-衬衫1-1-新,OUTCOME_ENGAGEMENT,247.8,0.45,暂停,pause,✓,0,互动广告ABO，5天花247.8元仅2单价值111.9元，净亏135.9元，近3天2单ROAS0.76，加购15购买2转化弱，止损暂停。
新互动广告系列-0923-衬衫2-1-新,OUTCOME_ENGAGEMENT,149.7,1.56,观察,increase_budget,✗,20,互动广告ABO，5天里出4单（出单天数4），近3天3单ROAS1.96，逐日稳定出单且ROAS1.6-2.4，加购转购买率33%，加预算20%。
新互动广告系列-0923-袜子2-1-新,OUTCOME_ENGAGEMENT,50.48,0.53,暂停,pause,✓,0,互动广告ABO，5天花50.48元仅1单价值26.66元，净亏23.82元，近3天0单ROAS0，连续4天零单，止损暂停。
新互动广告系列-0923-西装1-1-新 - 广告副本,OUTCOME_ENGAGEMENT,177.22,1.02,观察,pause,✗,0,互动广告CBO，5天花177.22元仅1单价值180.16元，净赚2.94元但近3天0单ROAS0，连续4天零单，虽微赚但趋势恶化，暂停止损。
新互动广告系列-0923-运动裤1-1-新 - 广告副本,OUTCOME_ENGAGEMENT,192.01,0.4,暂停,pause,✓,0,互动广告ABO，5天花192.01元仅1单价值77.27元，净亏114.74元，近3天1单ROAS0.67，加购20购买1转化率5%，止损暂停。
新互动广告系列-0923-连衣裙2-1-新 - 广告副本,OUTCOME_ENGAGEMENT,148.34,1.2,观察,pause,✗,0,互动广告CBO，5天花148.34元2单价值178.27元，净赚29.93元但近3天0单ROAS0，连续3天零单，趋势恶化，暂停止损。
新互动广告系列-0923-长裤1-1-新,OUTCOME_ENGAGEMENT,99.01,0.64,暂停,pause,✓,0,互动广告ABO，5天花99.01元仅1单价值63.86元，净亏35.15元，近3天1单ROAS1.07，加购8购买1转化弱，止损暂停。
新互动广告系列-0923-长裤2-1-新,OUTCOME_ENGAGEMENT,99.89,0.63,暂停,pause,✓,0,互动广告CBO，5天花99.89元仅1单价值63.37元，净亏36.52元，近3天1单ROAS1.04，连续4天零单后今日才出单，止损暂停。
新互动广告系列-0923-风衣2-1-新 - 广告副本,OUTCOME_ENGAGEMENT,97.34,0.0,暂停,pause,✓,0,互动广告ABO，5天花97.34元0单价值0元，净亏97.34元，近3天0单ROAS0，CTR逐日降至1.31，加购仅4无购买，止损暂停。
新流量广告系列-0923-内衣1-1-新,OUTCOME_TRAFFIC,100.53,0.93,暂停,pause,✓,0,流量广告CBO，5天里出2单（出单天数2），累计净额-6.8元亏损，近三天1单ROAS0.86，花费平稳但转化走弱，止损暂停。
新流量广告系列-0923-半身裙2-1-新,OUTCOME_TRAFFIC,98.41,1.56,加预算,observe,✗,0,流量广告CBO，5天里出2单（出单天数2），累计净额55.18元盈利，近三天1单ROAS1.35，今日出单4.4但样本少，观察。
新流量广告系列-0923-短袖T恤2-1-新 - 广告副本,OUTCOME_TRAFFIC,127.05,0.39,暂停,pause,✓,0,流量广告ABO，5天里出1单（出单天数1），累计净额-77.65元亏损，近三天1单ROAS0.65，加购转购买率仅7.7%，止损暂停。
新流量广告系列-0923-短裤1-1-新 - 广告副本,OUTCOME_TRAFFIC,52.74,0.0,暂停,pause,✓,0,流量广告ABO，5天里出0单（出单天数0），累计净额-52.74元亏损，近三天0单ROAS0，有加购无购买，止损暂停。
新流量广告系列-0923-羽绒服1-1-新 - 广告副本,OUTCOME_TRAFFIC,83.45,1.89,观察,observe,✓,0,流量广告ABO，5天里出1单（出单天数1），累计净额73.93元盈利，近三天1单ROAS3.23，单日高点样本不足，观察。
新流量广告系列-0923-羽绒服3-1-新,OUTCOME_TRAFFIC,98.33,0.0,暂停,pause,✓,0,流量广告CBO，5天里出0单（出单天数0），累计净额-98.33元亏损，近三天0单ROAS0，有加购无结账，止损暂停。
新流量广告系列-0923-背心3-1-新,OUTCOME_TRAFFIC,99.5,1.44,加预算,observe,✗,0,流量广告CBO，5天里出4单（出单天数4），累计净额43.53元盈利，近三天3单ROAS1.76，连续4天出单稳定，观察。
新流量广告系列-0923-袜子3-1-新,OUTCOME_TRAFFIC,59.14,2.17,观察,observe,✓,0,流量广告CBO，5天里出4单（出单天数4），累计净额69.04元盈利，近三天2单ROAS1.71，今日零单但整体稳定，观察。
新流量广告系列-0923-西装1-1-新,OUTCOME_TRAFFIC,253.19,0.0,暂停,pause,✓,0,流量广告CBO，5天里出0单（出单天数0），累计净额-253.19元亏损，近三天0单ROAS0，CTR逐日下滑，止损暂停。
新销量广告系列-0923-内衣1-1-新 - 广告副本,OUTCOME_SALES,49.36,0.0,暂停,pause,✓,0,销量广告ABO，5天里出0单（出单天数0），累计净额-49.36元亏损，近三天0单ROAS0，有加购无购买，止损暂停。
新销量广告系列-0923-内衣2-1-新 - 广告副本,OUTCOME_SALES,47.25,1.19,观察,observe,✓,0,CBO销量广告，5天里出1单（出单天数1），近三天1单ROAS 2.06，窗口ROAS 1.19略亏但今日首单且漏斗完整，样本不足暂观察。
新销量广告系列-0923-半身裙1-1-新,OUTCOME_SALES,127.54,1.51,加预算,observe,✗,0,ABO销量广告，5天里出3单（出单天数3），近三天2单ROAS 1.6，窗口ROAS 1.51盈利，今日零单但花费平稳，观察后续。
新销量广告系列-0923-半身裙1-1-新 - 广告副本,OUTCOME_SALES,201.23,2.65,观察,increase_budget,✗,20,CBO销量广告，5天里出6单（出单天数5），近三天4单ROAS 2.76，窗口ROAS 2.65稳定盈利，每日出单且漏斗健康，加预算20%。
新销量广告系列-0923-半身裙2-1-新 - 广告副本,OUTCOME_SALES,99.3,1.26,观察,pause,✗,0,ABO销量广告，5天里出2单（出单天数2），近三天0单ROAS 0，窗口ROAS 1.26累计净额25.92为正但近三天零转化且连续3天零单，花费平稳但转化断崖，止损暂停。
新销量广告系列-0923-半身裙3-1-新,OUTCOME_SALES,252.59,1.98,观察,increase_budget,✗,20,ABO销量广告，5天里出7单（出单天数5），近三天5单ROAS 2.36，窗口ROAS 1.98稳定盈利，每日出单且漏斗完整，加预算20%。
新销量广告系列-0923-卫衣1-1-新,OUTCOME_SALES,61.37,2.88,观察,observe,✓,0,ABO销量广告，5天里出2单（出单天数2），近三天1单ROAS 2.09，窗口ROAS 2.88盈利但今日零单，样本少且波动大，观察。
新销量广告系列-0923-卫衣1-1-新 - 广告副本,OUTCOME_SALES,146.53,2.34,加预算,observe,✗,0,ABO销量广告，5天里出3单（出单天数3），近三天1单ROAS 1.41，窗口ROAS 2.34盈利但近两天零单且CTR微降，观察。
新销量广告系列-0923-卫衣2-1-新,OUTCOME_SALES,199.22,1.06,观察,observe,✓,0,ABO销量广告，5天里出3单（出单天数3），近三天2单ROAS 1.17，窗口ROAS 1.06勉强盈利，加购转购买率低但未亏损，观察。
新销量广告系列-0923-卫衣3-1-新,OUTCOME_SALES,37.61,0.0,暂停,pause,✓,0,ABO销量广告，5天里出0单（出单天数0），近三天0单ROAS 0，窗口ROAS 0累计净额-37.61亏损，5天零购买且加购少，止损暂停。
新销量广告系列-0923-围巾1-1-新 - 广告副本,OUTCOME_SALES,118.86,1.28,观察,observe,✓,0,ABO销量广告，5天里出4单（出单天数4），近三天2单ROAS 1.01，窗口ROAS 1.28盈利但近三天ROAS下滑，频次升至1.49，观察。
新销量广告系列-0923-围巾2-1-新,OUTCOME_SALES,122.03,1.05,观察,observe,✓,0,ABO销量广告，5天里出4单（出单天数4），近三天2单ROAS 0.93，累计净额5.92为正，虽ROAS仅1.05但未亏损，花费平稳，观察。
新销量广告系列-0923-围巾2-1-新 - 广告副本,OUTCOME_SALES,88.46,0.45,暂停,pause,✓,0,CBO销量广告，5天里出1单（出单天数1），累计净额-48.55亏损，近三天0单ROAS 0，连续4天有花费零单，止损暂停。
新销量广告系列-0923-围巾3-1-新,OUTCOME_SALES,201.65,2.2,加预算,increase_budget,✓,20,CBO销量广告，5天里出10单（出单天数5），近三天6单ROAS 2.28，每日稳定出单且ROAS持续2.2+，加预算20%。
新销量广告系列-0923-夹克1-1-新,OUTCOME_SALES,95.51,5.09,加预算,observe,✗,0,CBO销量广告，5天里出3单（出单天数3），近三天1单ROAS 2.93，累计净额390.47为正，但近三天仅1单且今日零单，观察。
新销量广告系列-0923-夹克1-1-新 - 广告副本,OUTCOME_SALES,99.87,1.3,加预算,pause,✗,0,ABO销量广告，5天里出1单（出单天数1），累计净额29.47为正，但近三天0单ROAS 0，连续3天有花费零单，虽盈利但近期恶化，暂停止损。
新销量广告系列-0923-夹克2-1-新,OUTCOME_SALES,102.55,0.68,暂停,pause,✓,0,ABO销量广告，5天里出1单（出单天数1），累计净额-32.42亏损，近三天0单ROAS 0，连续3天有花费零单，止损暂停。
新销量广告系列-0923-夹克3-1-新,OUTCOME_SALES,123.5,3.16,加预算,observe,✗,0,CBO销量广告，5天里出3单（出单天数3），近三天2单ROAS 3.81，累计净额267.36为正，今日有单且ROAS 6.13，观察。
新销量广告系列-0923-帽子1-1-新,OUTCOME_SALES,196.07,2.98,观察,increase_budget,✗,20,CBO销量广告，5天里出12单（出单天数5），近三天7单ROAS 2.95，每日稳定出单且今日ROAS 4.09，加预算20%。
新销量广告系列-0923-帽子1-1-新 - 广告副本,OUTCOME_SALES,122.72,2.49,加预算,increase_budget,✓,20,ABO销量广告，5天里出9单（出单天数5），近三天5单ROAS 2.34，每日稳定出单且今日ROAS 3.16，加预算20%。
新销量广告系列-0923-帽子2-1-新,OUTCOME_SALES,122.63,1.68,加预算,observe,✗,0,ABO销量广告，5天里出5单（出单天数5），近三天3单ROAS 1.83，累计净额83.76为正，每日稳定出单但ROAS仅1.68，观察。
新销量广告系列-0923-帽子2-1-新 - 广告副本,OUTCOME_SALES,152.25,2.25,加预算,observe,✗,0,ABO销量广告，5天里出9单（出单天数5），近三天5单ROAS 2.22，花费稳定，漏斗健康，ROAS 2.25盈利，继续观察。
新销量广告系列-0923-手表1-1-新,OUTCOME_SALES,151.04,2.52,观察,observe,✓,0,ABO销量广告，5天里出2单（出单天数2），近三天1单ROAS 2.27，花费稳定但出单稀疏，ROAS 2.52盈利，继续观察。
新销量广告系列-0923-手表1-1-新 - 广告副本,OUTCOME_SALES,100.91,1.93,加预算,observe,✗,0,ABO销量广告，5天里出1单（出单天数1），近三天1单ROAS 3.35，样本少但盈利，ROAS 1.93，继续观察。
新销量广告系列-0923-手表2-1-新,OUTCOME_SALES,100.0,0.0,暂停,pause,✓,0,CBO销量广告，5天里出0单（出单天数0），近三天0单ROAS 0，累计花费100元零转化，购物价值0-花费100≤0，止损暂停。
新销量广告系列-0923-手表3-1-新,OUTCOME_SALES,147.51,2.53,加预算,observe,✗,0,ABO销量广告，5天里出2单（出单天数2），近三天2单ROAS 4.29，花费稳定，ROAS 2.53盈利，继续观察。
新销量广告系列-0923-毛衣1-1-新,OUTCOME_SALES,51.08,0.0,暂停,pause,✓,0,ABO销量广告，5天里出0单（出单天数0），近三天0单ROAS 0，累计花费51.08元零转化，购物价值0-花费51.08≤0，止损暂停。
新销量广告系列-0923-毛衣1-1-新 - 广告副本,OUTCOME_SALES,33.38,4.74,加预算,observe,✗,0,ABO销量广告，5天里出2单（出单天数2），近三天1单ROAS 3.77，花费稳定，ROAS 4.74盈利，继续观察。
新销量广告系列-0923-毛衣2-1-新 - 广告副本,OUTCOME_SALES,203.1,1.72,观察,observe,✓,0,CBO销量广告，5天里出4单（出单天数4），近三天3单ROAS 2.04，花费稳定，ROAS 1.72盈利，继续观察。
新销量广告系列-0923-毛衣3-1-新,OUTCOME_SALES,150.09,1.22,加预算,observe,✗,0,CBO销量广告，5天里出2单（出单天数2），近三天1单ROAS 1.02，花费稳定，ROAS 1.22盈利，继续观察。
新销量广告系列-0923-短袖T恤1-1-新,OUTCOME_SALES,34.99,3.9,观察,observe,✓,0,ABO销量广告，5天里出2单（出单天数2），近三天1单ROAS 3.09，花费稳定，ROAS 3.9盈利，继续观察。
新销量广告系列-0923-短袖T恤1-1-新 - 广告副本,OUTCOME_SALES,50.66,2.73,加预算,observe,✗,0,ABO销量广告，5天3单ROAS2.73，近三天2单ROAS2.92，花费平稳，CTR稳定，无亏损，观察。
新销量广告系列-0923-短袖T恤2-1-新,OUTCOME_SALES,127.69,0.98,观察,pause,✗,0,ABO销量广告，5天2单ROAS0.98，累计净额-2.61亏损，近三天1单ROAS0.9，花费持平但转化差，止损暂停。
新销量广告系列-0923-短裤1-1-新,OUTCOME_SALES,122.9,1.79,加预算,observe,✗,0,ABO销量广告，5天4单ROAS1.79，近三天2单ROAS1.55，花费稳定，CTR平稳，盈利但ROAS一般，观察。
新销量广告系列-0923-短裤2-1-新,OUTCOME_SALES,39.71,3.65,加预算,observe,✗,0,ABO销量广告，5天3单ROAS3.65，近三天1单ROAS2.05，花费平稳，CTR略降，盈利但样本少，观察。
新销量广告系列-0923-短裤2-1-新 - 广告副本,OUTCOME_SALES,150.48,1.69,观察,observe,✓,0,ABO销量广告，5天6单ROAS1.69，近三天3单ROAS1.33，花费稳定，CTR平稳，盈利但ROAS偏低，观察。
新销量广告系列-0923-羽绒服1-1-新,OUTCOME_SALES,73.5,0.0,暂停,pause,✓,0,ABO销量广告，5天0单ROAS0，累计净额-73.5亏损，近三天0单，CTR低CPM高，持续烧钱无转化，止损暂停。
新销量广告系列-0923-羽绒服2-1-新,OUTCOME_SALES,193.87,2.04,观察,observe,✓,0,CBO销量广告，5天2单ROAS2.04，近三天1单ROAS1.75，花费稳定，盈利但样本少，观察。
新销量广告系列-0923-羽绒服2-1-新 - 广告副本,OUTCOME_SALES,123.13,0.0,暂停,pause,✓,0,ABO销量广告，5天0单ROAS0，累计净额-123.13亏损，近三天0单，CTR低CPM高，持续烧钱无转化，止损暂停。
新销量广告系列-0923-背心1-1-新 - 广告副本,OUTCOME_SALES,99.81,1.58,观察,observe,✓,0,ABO销量广告，5天4单ROAS1.58，近三天2单ROAS1.29，花费稳定，CTR下降，盈利但ROAS偏低，观察。
新销量广告系列-0923-背心2-1-新,OUTCOME_SALES,147.9,1.33,观察,observe,✓,0,CBO销量广告，5天5单ROAS1.33，近三天3单ROAS1.27，花费稳定，CTR下降，盈利但ROAS偏低，观察。
新销量广告系列-0923-背心2-1-新 - 广告副本,OUTCOME_SALES,44.6,1.53,观察,observe,✓,0,ABO销量广告，5天里出2单（出单天数2），近三天1单ROAS1.12，累计净额23.63为正，花费平稳但今日零单，观察。
新销量广告系列-0923-衬衫1-1-新 - 广告副本,OUTCOME_SALES,74.58,2.34,加预算,observe,✗,0,ABO销量广告，5天里出2单（出单天数2），近三天1单ROAS2.28，累计净额100.05为正，花费平稳但今日零单，观察。
新销量广告系列-0923-衬衫2-1-新 - 广告副本,OUTCOME_SALES,150.14,1.27,观察,observe,✓,0,ABO销量广告，5天里出3单（出单天数3），近三天2单ROAS1.37，累计净额41.02为正，花费平稳但今日零单，观察。
新销量广告系列-0923-衬衫3-1-新,OUTCOME_SALES,126.68,2.73,加预算,increase_budget,✓,20,CBO销量广告，5天里出5单（出单天数5），近三天3单ROAS2.83，每日稳定出单且ROAS平稳，累计净额219.02为正，加预算。
新销量广告系列-0923-袜子1-1-新,OUTCOME_SALES,46.46,3.2,观察,increase_budget,✗,20,ABO销量广告，5天里出5单（出单天数5），近三天3单ROAS3.26，每日稳定出单且ROAS平稳，累计净额102.17为正，加预算。
新销量广告系列-0923-袜子1-1-新 - 广告副本,OUTCOME_SALES,120.88,3.31,加预算,increase_budget,✓,20,CBO销量广告，5天里出15单（出单天数5），近三天8单ROAS2.83，每日稳定出单且ROAS平稳，累计净额279.64为正，加预算。
新销量广告系列-0923-袜子2-1-新 - 广告副本,OUTCOME_SALES,50.68,2.27,观察,observe,✓,0,CBO销量广告，5天里出4单（出单天数4），近三天3单ROAS2.77，累计净额64.29为正，花费平稳但今日ROAS3.03，观察。
新销量广告系列-0923-西装2-1-新,OUTCOME_SALES,102.24,3.27,加预算,observe,✗,0,ABO销量广告，5天里出2单（出单天数2），近三天1单ROAS2.5，累计净额231.59为正，花费平稳但中间断单，观察。
新销量广告系列-0923-西装2-1-新 - 广告副本,OUTCOME_SALES,99.47,1.38,加预算,pause,✗,0,ABO销量广告，5天里出1单（出单天数1），近三天0单ROAS0，累计净额37.88为正但近四天零单且花费持续，止损暂停。
新销量广告系列-0923-西装3-1-新,OUTCOME_SALES,149.56,1.82,加预算,observe,✗,0,CBO销量广告，5天里出2单（出单天数2），近三天1单ROAS1.69，累计净额122.2为正，花费平稳但今日零单，观察。
新销量广告系列-0923-运动裤1-1-新,OUTCOME_SALES,44.55,3.42,加预算,observe,✗,0,CBO销量广告，5天里出2单（出单天数2），近三天1单ROAS 3.35，花费平稳但近两天零单，频次1.3无疲劳，样本偏少暂观察。
新销量广告系列-0923-运动裤2-1-新,OUTCOME_SALES,77.19,2.83,观察,increase_budget,✗,20,ABO销量广告，5天里出3单（出单天数3），近三天2单ROAS 3.31，花费稳定且每日有单，频次1.21，表现稳定可加预算。
新销量广告系列-0923-运动裤2-1-新 - 广告副本,OUTCOME_SALES,76.07,2.25,加预算,pause,✗,0,ABO销量广告，5天里出2单（出单天数2），近三天0单ROAS 0，连续3天有花费零单，加购有但购买断，止损暂停。
新销量广告系列-0923-运动裤3-1-新,OUTCOME_SALES,28.28,0.0,暂停,pause,✓,0,ABO销量广告，5天里出0单（出单天数0），近三天0单ROAS 0，5天全零单且加购仅2次，流量质量差，止损暂停。
新销量广告系列-0923-连衣裙1-1-新,OUTCOME_SALES,121.34,1.61,加预算,observe,✗,0,CBO销量广告，5天里出2单（出单天数2），近三天2单ROAS 2.74，花费平稳但前三天零单，加购转购买率低，样本少暂观察。
新销量广告系列-0923-连衣裙1-1-新 - 广告副本,OUTCOME_SALES,123.59,3.52,加预算,increase_budget,✓,20,CBO销量广告，5天里出5单（出单天数5），近三天3单ROAS 3.17，每日稳定出单且ROAS平稳，频次1.13，表现优秀可加预算。
新销量广告系列-0923-连衣裙2-1-新,OUTCOME_SALES,73.0,2.99,加预算,observe,✗,0,ABO销量广告，5天里出2单（出单天数2），近三天1单ROAS 2.42，花费平稳但出单日间隔，加购转购买率18%偏低，暂观察。
新销量广告系列-0923-连衣裙3-1-新,OUTCOME_SALES,91.79,5.55,加预算,increase_budget,✓,20,ABO销量广告，5天里出5单（出单天数5），近三天3单ROAS 5.7，每日稳定出单且ROAS高，频次1.14，表现优秀可加预算。
新销量广告系列-0923-长裤1-1-新 - 广告副本,OUTCOME_SALES,152.31,3.62,加预算,increase_budget,✓,20,ABO销量广告，5天里出5单（出单天数5），近三天3单ROAS 3.74，每日稳定出单且ROAS平稳，频次1.06，表现优秀可加预算。
新销量广告系列-0923-长裤2-1-新 - 广告副本,OUTCOME_SALES,98.41,1.65,观察,observe,✓,0,ABO销量广告，5天里出3单（出单天数3），近三天2单ROAS 1.83，花费平稳但ROAS偏低，CTR逐日下滑，频次升至1.22，暂观察。
新销量广告系列-0923-长裤3-1-新,OUTCOME_SALES,245.66,2.0,加预算,observe,✗,0,ABO销量广告，5天里出7单（出单天数5），近三天4单ROAS 2.0，花费平稳，CTR微降但频次1.17，漏斗正常，净额246.12为正，继续观察。
新销量广告系列-0923-鞋1-1-新,OUTCOME_SALES,75.63,1.27,加预算,observe,✗,0,CBO销量广告，5天里出1单（出单天数1），近三天1单ROAS 2.14，花费平稳但仅26日有单，净额20.31为正，样本少且频次低，继续观察。
新销量广告系列-0923-鞋1-1-新 - 广告副本,OUTCOME_SALES,32.32,3.99,观察,observe,✓,0,ABO销量广告，5天里出1单（出单天数1），近三天1单ROAS 6.7，花费平稳，26日单笔大额撑起ROAS，样本不足，净额96.55为正，继续观察。
新销量广告系列-0923-鞋2-1-新,OUTCOME_SALES,145.6,0.79,暂停,pause,✓,0,CBO销量广告，5天里出1单（出单天数1），近三天1单ROAS 1.3，累计净额-30.72为负，加购多但购买仅1单，转化率9.09%低，止损暂停。
新销量广告系列-0923-鞋2-1-新 - 广告副本,OUTCOME_SALES,124.22,0.78,暂停,pause,✓,0,ABO销量广告，5天里出1单（出单天数1），近三天1单ROAS 1.3，累计净额-26.96为负，加购8但结账仅1，漏斗断在结账，止损暂停。
新销量广告系列-0923-鞋3-1-新,OUTCOME_SALES,60.48,3.13,观察,observe,✓,0,ABO销量广告，5天里出2单（出单天数2），近三天0单ROAS 0，前两日ROAS高但后三日零转化，净额128.91为正，观察是否素材疲劳。
新销量广告系列-0923-风衣1-1-新,OUTCOME_SALES,251.3,0.0,暂停,pause,✓,0,ABO销量广告，5天里出0单（出单天数0），近三天0单ROAS 0，花费251.3无购买，加购16但结账5，净额-251.3为负，止损暂停。
新销量广告系列-0923-风衣1-1-新 - 广告副本,OUTCOME_SALES,126.24,1.06,加预算,observe,✗,0,ABO销量广告，5天里出1单（出单天数1），近三天1单ROAS 1.78，累计净额7.77为正，花费平稳但转化弱，CTR微降，继续观察。
新销量广告系列-0923-风衣2-1-新,OUTCOME_SALES,25.36,0.0,暂停,pause,✓,0,ABO销量广告，5天里出0单（出单天数0），近三天0单ROAS 0，花费25.36无购买，加购3结账2但无支付，净额-25.36为负，止损暂停。
新销量广告系列-0923-风衣3-1-新,OUTCOME_SALES,98.52,0.0,暂停,pause,✓,0,ABO销量广告，5天里出0单（出单天数0），近三天0单ROAS 0，花费98.52无购买，加购6但结账仅1，净额-98.52为负，止损暂停。
