新互动广告系列-0923-内衣2-1-新,—— 可见 5 天（AI 输入）——,,,,,,
日期,花费$,展示,频次,购买,收入$,ROAS,顶格?
2026-09-23,19.27,1555,1.039547,0,0.0,0.0,
2026-09-24,20.06,1888,1.040526,0,0.0,0.0,顶格
2026-09-25,19.13,1634,1.041528,0,0.0,0.0,
2026-09-26,19.32,1687,1.042474,1,68.04,3.52,
2026-09-27,21.69,2067,1.043545,0,0.0,0.0,
合计,99.47,8831,,1,68.04,0.684,

新互动广告系列-0923-内衣2-1-新,—— 后 5 天真值 ——,,,,,,
方案,第几天,花费$,期望收入$,期望净$,频次,覆盖,
不动,1,18.93,4.4,-14.53,1.045,1497,
不动,2,19.03,4.17,-14.87,1.045,1440,
不动,3,20.11,4.69,-15.42,1.046,1685,
不动,4,19.48,3.98,-15.49,1.047,1531,
不动,5,19.8,5.87,-13.93,1.048,1681,
加预算,1,22.04,5.26,-16.79,1.045,1497,
加预算,2,22.73,5.11,-17.62,1.045,1440,
加预算,3,20.78,4.97,-15.8,1.046,1685,
加预算,4,21.47,4.51,-16.96,1.047,1531,
加预算,5,19.8,6.02,-13.78,1.048,1681,

新互动广告系列-0923-内衣2-1-新,—— 结论 ——,,,,,,
正确动作,暂停,可见亏损,,,,,
不动净,-74.24,加预算净,-80.95,差额,-6.71,,
AI 判断,observe,AI 理由,互动目标ABO，5天里出1单（出单天数1），近三天1单ROAS 1.13，花费平稳但仅9/26出单，样本不足且ROAS低于1，观察。,,,,
