新销量广告系列-0923-卫衣1-1-新 - 广告副本,—— 可见 5 天（AI 输入）——,,,,,,
日期,花费$,展示,频次,购买,收入$,ROAS,顶格?
2026-09-23,29.22,2354,1.054496,1,141.48,4.84,
2026-09-24,29.79,2421,1.060443,1,79.01,2.65,顶格
2026-09-25,29.2,2074,1.066071,1,123.06,4.21,
2026-09-26,29.69,1946,1.07113,0,0.0,0.0,顶格
2026-09-27,28.63,2118,1.076268,0,0.0,0.0,
合计,146.53,10913,,3,343.55,2.345,

新销量广告系列-0923-卫衣1-1-新 - 广告副本,—— 后 5 天真值 ——,,,,,,
方案,第几天,花费$,期望收入$,期望净$,频次,覆盖,
不动,1,29.51,152.34,122.83,1.082,1917,
不动,2,31.78,153.61,121.83,1.087,2126,
不动,3,30.69,156.89,126.2,1.093,1972,
不动,4,30.29,146.35,116.06,1.098,1856,
不动,5,29.91,172.42,142.52,1.104,1882,
加预算,1,35.41,170.32,134.91,1.082,1917,
加预算,2,38.14,171.74,133.61,1.087,2126,
加预算,3,36.82,175.4,138.58,1.093,1972,
加预算,4,36.35,163.62,127.27,1.098,1856,
加预算,5,35.89,192.77,156.88,1.104,1882,

新销量广告系列-0923-卫衣1-1-新 - 广告副本,—— 结论 ——,,,,,,
正确动作,加预算,未来净增,,,,,
不动净,629.44,加预算净,691.25,差额,61.81,,
AI 判断,observe,AI 理由,ABO销量广告，5天里出3单（出单天数3），近三天1单ROAS 1.41，近两天零单且ROAS 2.34下滑，观察。,,,,
