广告,决策日,已跑天数,累计花费,累计收入,累计净,累计购买,末日频次,顶格率,后3天_不动净,后3天_加预算净,后3天_暂停净,加vs不动,正确动作,_受众池,_alpha
新销量广告系列-0923-短袖T恤1-1-新,1,1,6.63,0.0,-6.63,0,1.202,0.663,59.64,59.17,0.0,-0.48,观察,32611,0.006
新销量广告系列-0923-短袖T恤1-1-新,2,2,13.55,70.26,56.71,1,1.221,0.677,57.44,56.97,0.0,-0.47,观察,32611,0.006
新销量广告系列-0923-短袖T恤1-1-新,3,3,20.9,136.49,115.59,2,1.241,0.697,52.04,51.61,0.0,-0.43,观察,32611,0.006
新销量广告系列-0923-短袖T恤1-1-新,4,4,27.76,136.49,108.73,2,1.261,0.694,50.54,50.11,0.0,-0.43,观察,32611,0.006
新销量广告系列-0923-短袖T恤1-1-新,5,5,34.99,136.49,101.5,2,1.28,0.7,49.05,48.63,0.0,-0.42,观察,32611,0.006
新销量广告系列-0923-短袖T恤1-1-新 - 广告副本,1,1,9.79,0.0,-9.79,0,1.234,0.326,22.15,23.54,0.0,1.39,观察,62879,-0.026
新销量广告系列-0923-短袖T恤1-1-新 - 广告副本,2,2,20.25,49.61,29.36,1,1.247,0.337,18.56,19.83,0.0,1.27,观察,62879,-0.026
新销量广告系列-0923-短袖T恤1-1-新 - 广告副本,3,3,30.87,94.58,63.71,2,1.262,0.343,16.42,17.63,0.0,1.21,观察,62879,-0.026
新销量广告系列-0923-短袖T恤1-1-新 - 广告副本,4,4,40.92,94.58,53.66,2,1.276,0.341,17.72,18.93,0.0,1.21,观察,62879,-0.026
新销量广告系列-0923-短袖T恤1-1-新 - 广告副本,5,5,50.65,138.49,87.84,3,1.289,0.338,20.32,21.61,0.0,1.29,观察,62879,-0.026
新销量广告系列-0923-短袖T恤2-1-新,1,1,25.93,55.37,29.44,1,1.171,1.037,20.97,24.8,0.0,3.83,加预算,180183,0.001
新销量广告系列-0923-短袖T恤2-1-新,2,2,50.5,55.37,4.86,1,1.183,1.01,19.54,23.07,0.0,3.54,加预算,180183,0.001
新销量广告系列-0923-短袖T恤2-1-新,3,3,76.11,55.37,-20.75,1,1.195,1.015,6.45,7.39,0.0,0.94,观察,180183,0.001
新销量广告系列-0923-短袖T恤2-1-新,4,4,101.83,125.08,23.24,2,1.207,1.018,-3.44,-4.23,0.0,-0.8,观察,180183,0.001
新销量广告系列-0923-短袖T恤2-1-新,5,5,127.69,125.08,-2.61,2,1.218,1.021,-3.02,-3.73,0.0,-0.71,观察,180183,0.001
新流量广告系列-0923-短袖T恤2-1-新 - 广告副本,1,1,25.78,0.0,-25.78,0,1.113,1.031,15.4,0.19,0.0,-15.21,观察,57014,0.168
新流量广告系列-0923-短袖T恤2-1-新 - 广告副本,2,2,51.08,0.0,-51.08,0,1.15,1.022,5.58,-8.83,0.0,-14.42,观察,57014,0.168
新流量广告系列-0923-短袖T恤2-1-新 - 广告副本,3,3,76.41,0.0,-76.41,0,1.19,1.019,-0.89,-14.73,0.0,-13.83,观察,57014,0.168
新流量广告系列-0923-短袖T恤2-1-新 - 广告副本,4,4,101.84,49.4,-52.44,1,1.233,1.018,-0.75,-14.42,0.0,-13.67,观察,57014,0.168
新流量广告系列-0923-短袖T恤2-1-新 - 广告副本,5,5,127.04,49.4,-77.63,1,1.273,1.016,-4.94,-18.23,0.0,-13.3,暂停,57014,0.168
新互动广告系列-0923-短袖T恤3-1-新,1,1,25.5,0.0,-25.5,0,1.1,1.02,-34.32,-35.54,0.0,-1.22,暂停,715967,-0.108
新互动广告系列-0923-短袖T恤3-1-新,2,2,50.98,0.0,-50.98,0,1.103,1.02,-35.37,-36.81,0.0,-1.44,暂停,715967,-0.108
新互动广告系列-0923-短袖T恤3-1-新,3,3,76.5,43.6,-32.91,1,1.106,1.02,-36.12,-38.04,0.0,-1.92,暂停,715967,-0.108
新互动广告系列-0923-短袖T恤3-1-新,4,4,103.16,43.6,-59.56,1,1.109,1.032,-34.61,-36.18,0.0,-1.57,暂停,715967,-0.108
新互动广告系列-0923-短袖T恤3-1-新,5,5,129.64,43.6,-86.04,1,1.112,1.037,-34.58,-36.5,0.0,-1.92,暂停,715967,-0.108
新销量广告系列-0923-卫衣1-1-新,1,1,12.15,0.0,-12.15,0,1.096,0.486,33.52,32.76,0.0,-0.76,观察,32734,0.011
新销量广告系列-0923-卫衣1-1-新,2,2,24.52,99.85,75.33,1,1.125,0.49,27.14,26.44,0.0,-0.7,观察,32734,0.011
新销量广告系列-0923-卫衣1-1-新,3,3,36.53,99.85,63.32,1,1.155,0.487,25.3,24.63,0.0,-0.68,观察,32734,0.011
新销量广告系列-0923-卫衣1-1-新,4,4,48.84,177.03,128.19,2,1.184,0.488,25.61,24.93,0.0,-0.67,观察,32734,0.011
新销量广告系列-0923-卫衣1-1-新,5,5,61.36,177.03,115.67,2,1.214,0.491,21.87,21.23,0.0,-0.63,观察,32734,0.011
新销量广告系列-0923-卫衣1-1-新 - 广告副本,1,1,29.22,141.48,112.26,1,1.054,0.974,416.15,457.99,0.0,41.85,加预算,403745,0.068
新销量广告系列-0923-卫衣1-1-新 - 广告副本,2,2,59.01,220.5,161.49,2,1.06,0.983,459.43,506.48,0.0,47.05,加预算,403745,0.068
新销量广告系列-0923-卫衣1-1-新 - 广告副本,3,3,88.2,343.55,255.35,3,1.066,0.98,429.5,472.99,0.0,43.49,加预算,403745,0.068
新销量广告系列-0923-卫衣1-1-新 - 广告副本,4,4,117.89,343.55,225.66,3,1.071,0.982,397.5,437.04,0.0,39.54,加预算,403745,0.068
新销量广告系列-0923-卫衣1-1-新 - 广告副本,5,5,146.53,343.55,197.03,3,1.076,0.977,370.87,407.1,0.0,36.23,加预算,403745,0.068
新销量广告系列-0923-卫衣2-1-新,1,1,39.45,68.62,29.16,1,1.265,0.986,72.44,30.96,0.0,-41.48,观察,55217,0.241
新销量广告系列-0923-卫衣2-1-新,2,2,78.32,68.62,-9.7,1,1.327,0.979,65.11,24.32,0.0,-40.79,观察,55217,0.241
新销量广告系列-0923-卫衣2-1-新,3,3,118.69,68.62,-50.08,1,1.39,0.989,40.74,2.53,0.0,-38.21,观察,55217,0.241
新销量广告系列-0923-卫衣2-1-新,4,4,160.5,145.25,-15.24,2,1.459,1.003,12.29,-22.55,0.0,-34.84,观察,55217,0.241
新销量广告系列-0923-卫衣2-1-新,5,5,199.23,210.45,11.22,3,1.533,0.996,5.34,-29.79,0.0,-35.12,观察,55217,0.241
新互动广告系列-0923-卫衣2-1-新 - 广告副本,1,1,10.02,0.0,-10.02,0,1.218,1.002,-21.07,-25.82,0.0,-4.75,暂停,37474,0.099
新互动广告系列-0923-卫衣2-1-新 - 广告副本,2,2,19.8,0.0,-19.8,0,1.239,0.99,-22.59,-27.48,0.0,-4.89,暂停,37474,0.099
新互动广告系列-0923-卫衣2-1-新 - 广告副本,3,3,29.72,0.0,-29.72,0,1.259,0.991,-22.14,-27.5,0.0,-5.36,暂停,37474,0.099
新互动广告系列-0923-卫衣2-1-新 - 广告副本,4,4,39.32,0.0,-39.32,0,1.278,0.983,-22.07,-27.49,0.0,-5.42,暂停,37474,0.099
新互动广告系列-0923-卫衣2-1-新 - 广告副本,5,5,49.22,0.0,-49.22,0,1.298,0.984,-21.93,-27.39,0.0,-5.46,暂停,37474,0.099
新销量广告系列-0923-卫衣3-1-新,1,1,7.42,0.0,-7.42,0,1.173,0.494,10.18,8.5,0.0,-1.68,观察,55744,0.051
新销量广告系列-0923-卫衣3-1-新,2,2,15.16,0.0,-15.16,0,1.183,0.505,10.78,9.09,0.0,-1.68,观察,55744,0.051
新销量广告系列-0923-卫衣3-1-新,3,3,22.69,0.0,-22.69,0,1.192,0.504,8.35,6.78,0.0,-1.57,观察,55744,0.051
新销量广告系列-0923-卫衣3-1-新,4,4,30.28,0.0,-30.28,0,1.202,0.505,9.03,7.44,0.0,-1.59,观察,55744,0.051
新销量广告系列-0923-卫衣3-1-新,5,5,37.61,0.0,-37.61,0,1.212,0.501,7.14,5.64,0.0,-1.5,观察,55744,0.051
新互动广告系列-0923-长裤1-1-新,1,1,19.56,0.0,-19.56,0,1.24,0.978,-19.95,-24.16,0.0,-4.21,暂停,1527491,0.017
新互动广告系列-0923-长裤1-1-新,2,2,39.33,0.0,-39.33,0,1.241,0.983,-22.25,-26.53,0.0,-4.28,暂停,1527491,0.017
新互动广告系列-0923-长裤1-1-新,3,3,59.9,0.0,-59.9,0,1.242,0.998,-23.97,-29.12,0.0,-5.16,暂停,1527491,0.017
新互动广告系列-0923-长裤1-1-新,4,4,79.02,63.86,-15.16,1,1.243,0.988,-20.31,-24.77,0.0,-4.46,暂停,1527491,0.017
新互动广告系列-0923-长裤1-1-新,5,5,99.01,63.86,-35.14,1,1.244,0.99,-19.95,-24.67,0.0,-4.72,暂停,1527491,0.017
新销量广告系列-0923-长裤1-1-新 - 广告副本,1,1,30.19,113.88,83.69,1,1.054,1.006,245.91,297.31,0.0,51.41,加预算,937813,-0.005
新销量广告系列-0923-长裤1-1-新 - 广告副本,2,2,61.13,211.34,150.2,2,1.057,1.019,273.89,331.08,0.0,57.19,加预算,937813,-0.005
新销量广告系列-0923-长裤1-1-新 - 广告副本,3,3,91.72,289.35,197.64,3,1.059,1.019,297.32,356.86,0.0,59.54,加预算,937813,-0.005
新销量广告系列-0923-长裤1-1-新 - 广告副本,4,4,121.44,413.28,291.84,4,1.062,1.012,283.39,340.06,0.0,56.67,加预算,937813,-0.005
新销量广告系列-0923-长裤1-1-新 - 广告副本,5,5,152.32,551.99,399.67,5,1.064,1.015,236.77,283.8,0.0,47.03,加预算,937813,-0.005
新互动广告系列-0923-长裤2-1-新,1,1,20.6,0.0,-20.6,0,1.148,1.03,23.4,31.18,0.0,7.78,加预算,3414969,-0.032
新互动广告系列-0923-长裤2-1-新,2,2,39.09,0.0,-39.09,0,1.149,0.977,11.32,16.31,0.0,4.99,加预算,3414969,-0.032
新互动广告系列-0923-长裤2-1-新,3,3,58.6,0.0,-58.6,0,1.149,0.977,13.46,19.0,0.0,5.54,加预算,3414969,-0.032
新互动广告系列-0923-长裤2-1-新,4,4,79.06,0.0,-79.06,0,1.149,0.988,11.65,16.69,0.0,5.04,加预算,3414969,-0.032
新互动广告系列-0923-长裤2-1-新,5,5,99.88,63.37,-36.51,1,1.15,0.999,14.91,20.67,0.0,5.76,加预算,3414969,-0.032
新销量广告系列-0923-长裤2-1-新 - 广告副本,1,1,20.12,0.0,-20.12,0,1.046,1.006,32.81,27.85,0.0,-4.96,观察,39855,0.106
新销量广告系列-0923-长裤2-1-新 - 广告副本,2,2,40.11,55.37,15.26,1,1.092,1.003,27.81,22.38,0.0,-5.43,观察,39855,0.106
新销量广告系列-0923-长裤2-1-新 - 广告副本,3,3,59.5,55.37,-4.13,1,1.135,0.992,33.36,28.33,0.0,-5.02,观察,39855,0.106
新销量广告系列-0923-长裤2-1-新 - 广告副本,4,4,77.57,109.09,31.52,2,1.176,0.97,33.12,27.72,0.0,-5.4,观察,39855,0.106
新销量广告系列-0923-长裤2-1-新 - 广告副本,5,5,98.4,162.05,63.65,3,1.224,0.984,30.08,24.34,0.0,-5.73,观察,39855,0.106
新销量广告系列-0923-长裤3-1-新,1,1,50.13,58.13,8.0,1,1.042,1.003,167.12,185.33,0.0,18.21,加预算,123081,0.04
新销量广告系列-0923-长裤3-1-新,2,2,100.92,202.42,101.5,3,1.073,1.009,169.09,187.69,0.0,18.6,加预算,123081,0.04
新销量广告系列-0923-长裤3-1-新,3,3,150.22,277.01,126.79,4,1.106,1.001,135.79,149.21,0.0,13.43,加预算,123081,0.04
新销量广告系列-0923-长裤3-1-新,4,4,196.76,416.7,219.95,6,1.139,0.984,113.6,123.4,0.0,9.79,加预算,123081,0.04
新销量广告系列-0923-长裤3-1-新,5,5,245.67,491.78,246.11,7,1.171,0.983,110.92,120.39,0.0,9.46,加预算,123081,0.04
新销量广告系列-0923-帽子1-1-新,1,1,38.73,85.16,46.42,2,1.255,0.968,502.41,434.44,0.0,-67.97,观察,58940,0.212
新销量广告系列-0923-帽子1-1-新,2,2,77.92,236.52,158.6,5,1.323,0.974,546.15,476.59,0.0,-69.56,观察,58940,0.212
新销量广告系列-0923-帽子1-1-新,3,3,116.91,323.54,206.63,7,1.391,0.974,549.05,473.26,0.0,-75.79,观察,58940,0.212
新销量广告系列-0923-帽子1-1-新,4,4,156.15,421.65,265.5,9,1.466,0.976,533.99,455.46,0.0,-78.53,观察,58940,0.212
新销量广告系列-0923-帽子1-1-新,5,5,196.07,584.86,388.78,12,1.555,0.98,456.92,383.38,0.0,-73.54,观察,58940,0.212
新销量广告系列-0923-帽子1-1-新 - 广告副本,1,1,25.32,59.56,34.25,2,1.097,1.013,193.55,222.26,0.0,28.71,加预算,307951,0.031
新销量广告系列-0923-帽子1-1-新 - 广告副本,2,2,51.07,137.31,86.24,4,1.106,1.021,189.54,217.63,0.0,28.09,加预算,307951,0.031
新销量广告系列-0923-帽子1-1-新 - 广告副本,3,3,74.27,167.59,93.32,5,1.115,0.99,187.24,214.92,0.0,27.68,加预算,307951,0.031
新销量广告系列-0923-帽子1-1-新 - 广告副本,4,4,97.83,226.3,128.48,7,1.123,0.978,187.91,215.66,0.0,27.75,加预算,307951,0.031
新销量广告系列-0923-帽子1-1-新 - 广告副本,5,5,122.72,305.0,182.29,9,1.132,0.982,149.05,170.54,0.0,21.5,加预算,307951,0.031
新销量广告系列-0923-帽子2-1-新,1,1,24.97,34.39,9.42,1,1.216,0.999,131.19,144.98,0.0,13.79,加预算,1429120,0.009
新销量广告系列-0923-帽子2-1-新,2,2,48.63,70.96,22.33,2,1.218,0.973,128.88,140.12,0.0,11.24,加预算,1429120,0.009
新销量广告系列-0923-帽子2-1-新,3,3,74.03,122.83,48.8,3,1.219,0.987,101.41,114.45,0.0,13.04,加预算,1429120,0.009
新销量广告系列-0923-帽子2-1-新,4,4,97.46,168.58,71.12,4,1.221,0.975,82.04,92.44,0.0,10.4,加预算,1429120,0.009
新销量广告系列-0923-帽子2-1-新,5,5,122.63,206.38,83.75,5,1.222,0.981,96.24,109.36,0.0,13.13,加预算,1429120,0.009
新销量广告系列-0923-帽子2-1-新 - 广告副本,1,1,30.33,74.39,44.07,2,1.216,0.758,181.32,191.31,0.0,9.99,加预算,1848712,-0.037
新销量广告系列-0923-帽子2-1-新 - 广告副本,2,2,60.97,140.57,79.6,4,1.218,0.762,186.62,196.77,0.0,10.15,加预算,1848712,-0.037
新销量广告系列-0923-帽子2-1-新 - 广告副本,3,3,91.4,232.01,140.61,6,1.219,0.762,171.39,181.02,0.0,9.64,加预算,1848712,-0.037
新销量广告系列-0923-帽子2-1-新 - 广告副本,4,4,122.64,270.62,147.98,7,1.221,0.767,182.37,192.36,0.0,9.99,加预算,1848712,-0.037
新销量广告系列-0923-帽子2-1-新 - 广告副本,5,5,152.24,343.22,190.97,9,1.223,0.761,190.4,200.74,0.0,10.34,加预算,1848712,-0.037
新互动广告系列-0923-帽子3-1-新,1,1,48.39,67.95,19.56,2,1.274,0.968,8.55,14.59,0.0,6.04,加预算,929237,-0.026
新互动广告系列-0923-帽子3-1-新,2,2,97.44,122.82,25.38,4,1.279,0.974,21.61,29.84,0.0,8.23,加预算,929237,-0.026
新互动广告系列-0923-帽子3-1-新,3,3,148.39,179.32,30.94,6,1.285,0.989,24.83,33.69,0.0,8.85,加预算,929237,-0.026
新互动广告系列-0923-帽子3-1-新,4,4,197.6,249.23,51.63,8,1.291,0.988,13.07,19.91,0.0,6.84,加预算,929237,-0.026
新互动广告系列-0923-帽子3-1-新,5,5,248.58,314.29,65.71,10,1.297,0.994,17.43,26.02,0.0,8.59,加预算,929237,-0.026
新销量广告系列-0923-连衣裙1-1-新,1,1,26.28,0.0,-26.28,0,1.143,1.051,83.69,103.07,0.0,19.38,加预算,1138201,-0.014
新销量广告系列-0923-连衣裙1-1-新,2,2,50.22,0.0,-50.22,0,1.145,1.004,77.47,95.49,0.0,18.01,加预算,1138201,-0.014
新销量广告系列-0923-连衣裙1-1-新,3,3,74.31,0.0,-74.31,0,1.146,0.991,87.62,107.83,0.0,20.21,加预算,1138201,-0.014
新销量广告系列-0923-连衣裙1-1-新,4,4,98.5,97.16,-1.34,1,1.148,0.985,66.01,81.54,0.0,15.53,加预算,1138201,-0.014
新销量广告系列-0923-连衣裙1-1-新,5,5,121.34,195.0,73.66,2,1.149,0.971,62.83,77.7,0.0,14.88,加预算,1138201,-0.014
新销量广告系列-0923-连衣裙1-1-新 - 广告副本,1,1,23.26,107.85,84.59,1,1.13,0.93,151.32,177.28,0.0,25.96,加预算,1012370,0.016
新销量广告系列-0923-连衣裙1-1-新 - 广告副本,2,2,49.0,199.23,150.23,2,1.132,0.98,124.09,145.14,0.0,21.05,加预算,1012370,0.016
新销量广告系列-0923-连衣裙1-1-新 - 广告副本,3,3,74.2,278.14,203.94,3,1.134,0.989,143.81,168.41,0.0,24.6,加预算,1012370,0.016
新销量广告系列-0923-连衣裙1-1-新 - 广告副本,4,4,99.08,353.96,254.89,4,1.135,0.991,140.11,164.04,0.0,23.92,加预算,1012370,0.016
新销量广告系列-0923-连衣裙1-1-新 - 广告副本,5,5,123.59,435.58,311.99,5,1.137,0.989,133.5,156.22,0.0,22.72,加预算,1012370,0.016
新销量广告系列-0923-连衣裙2-1-新,1,1,14.95,0.0,-14.95,0,1.285,0.997,54.82,63.17,0.0,8.35,加预算,124849,0.022
新销量广告系列-0923-连衣裙2-1-新,2,2,29.62,112.79,83.17,1,1.292,0.987,46.8,53.77,0.0,6.97,加预算,124849,0.022
新销量广告系列-0923-连衣裙2-1-新,3,3,44.03,112.79,68.76,1,1.3,0.978,36.66,41.84,0.0,5.19,加预算,124849,0.022
新销量广告系列-0923-连衣裙2-1-新,4,4,58.73,217.95,159.22,2,1.307,0.979,37.1,42.36,0.0,5.26,加预算,124849,0.022
新销量广告系列-0923-连衣裙2-1-新,5,5,73.0,217.95,144.95,2,1.314,0.973,40.56,46.41,0.0,5.85,加预算,124849,0.022
新互动广告系列-0923-连衣裙2-1-新 - 广告副本,1,1,30.72,75.55,44.83,1,1.249,1.024,22.88,22.04,0.0,-0.84,观察,198028,0.041
新互动广告系列-0923-连衣裙2-1-新 - 广告副本,2,2,60.3,178.27,117.98,2,1.26,1.005,5.82,2.36,0.0,-3.46,观察,198028,0.041
新互动广告系列-0923-连衣裙2-1-新 - 广告副本,3,3,88.37,178.27,89.91,2,1.272,0.982,1.81,-2.32,0.0,-4.13,观察,198028,0.041
新互动广告系列-0923-连衣裙2-1-新 - 广告副本,4,4,117.71,178.27,60.56,2,1.284,0.981,-11.7,-17.97,0.0,-6.27,暂停,198028,0.041
新互动广告系列-0923-连衣裙2-1-新 - 广告副本,5,5,148.33,178.27,29.94,2,1.296,0.989,-6.93,-12.51,0.0,-5.58,暂停,198028,0.041
新销量广告系列-0923-连衣裙3-1-新,1,1,19.05,115.69,96.64,1,1.134,0.762,129.94,139.64,0.0,9.7,加预算,1597776,-0.052
新销量广告系列-0923-连衣裙3-1-新,2,2,37.13,197.66,160.53,2,1.135,0.743,122.72,132.01,0.0,9.29,加预算,1597776,-0.052
新销量广告系列-0923-连衣裙3-1-新,3,3,55.19,307.54,252.35,3,1.136,0.736,115.17,124.02,0.0,8.85,加预算,1597776,-0.052
新销量广告系列-0923-连衣裙3-1-新,4,4,74.41,419.55,345.13,4,1.137,0.744,122.97,132.25,0.0,9.28,加预算,1597776,-0.052
新销量广告系列-0923-连衣裙3-1-新,5,5,91.8,509.3,417.5,5,1.137,0.734,129.14,138.84,0.0,9.7,加预算,1597776,-0.052
新销量广告系列-0923-夹克1-1-新,1,1,19.17,173.41,154.24,1,1.185,0.767,78.31,94.52,0.0,16.21,加预算,1090785,-0.12
新销量广告系列-0923-夹克1-1-新,2,2,37.48,315.69,278.22,2,1.186,0.75,81.99,98.79,0.0,16.8,加预算,1090785,-0.12
新销量广告系列-0923-夹克1-1-新,3,3,57.65,315.69,258.05,2,1.187,0.769,79.97,96.33,0.0,16.37,加预算,1090785,-0.12
新销量广告系列-0923-夹克1-1-新,4,4,75.95,485.97,410.02,3,1.188,0.76,76.53,92.72,0.0,16.19,加预算,1090785,-0.12
新销量广告系列-0923-夹克1-1-新,5,5,95.51,485.97,390.47,3,1.189,0.764,70.67,86.05,0.0,15.39,加预算,1090785,-0.12
新销量广告系列-0923-夹克1-1-新 - 广告副本,1,1,19.48,0.0,-19.48,0,1.076,0.974,260.09,304.98,0.0,44.89,加预算,728366,0.019
新销量广告系列-0923-夹克1-1-新 - 广告副本,2,2,39.14,129.34,90.2,1,1.078,0.979,241.27,282.82,0.0,41.55,加预算,728366,0.019
新销量广告系列-0923-夹克1-1-新 - 广告副本,3,3,60.23,129.34,69.11,1,1.08,1.004,250.46,293.65,0.0,43.19,加预算,728366,0.019
新销量广告系列-0923-夹克1-1-新 - 广告副本,4,4,80.21,129.34,49.13,1,1.082,1.003,221.65,259.72,0.0,38.07,加预算,728366,0.019
新销量广告系列-0923-夹克1-1-新 - 广告副本,5,5,99.87,129.34,29.47,1,1.084,0.999,247.88,290.58,0.0,42.7,加预算,728366,0.019
新销量广告系列-0923-夹克2-1-新,1,1,19.29,0.0,-19.29,0,1.216,0.771,28.21,29.06,0.0,0.86,观察,1664997,-0.009
新销量广告系列-0923-夹克2-1-新,2,2,40.3,70.13,29.83,1,1.217,0.806,30.92,31.8,0.0,0.88,观察,1664997,-0.009
新销量广告系列-0923-夹克2-1-新,3,3,60.83,70.13,9.3,1,1.218,0.811,30.87,31.73,0.0,0.86,观察,1664997,-0.009
新销量广告系列-0923-夹克2-1-新,4,4,82.3,70.13,-12.17,1,1.218,0.823,31.02,31.87,0.0,0.85,观察,1664997,-0.009
新销量广告系列-0923-夹克2-1-新,5,5,102.56,70.13,-32.42,1,1.219,0.82,35.0,35.88,0.0,0.89,观察,1664997,-0.009
新互动广告系列-0923-夹克2-1-新 - 广告副本,1,1,20.27,0.0,-20.27,0,1.191,1.014,-24.56,-28.15,0.0,-3.58,暂停,789629,-0.013
新互动广告系列-0923-夹克2-1-新 - 广告副本,2,2,40.05,0.0,-40.05,0,1.193,1.001,-23.33,-26.09,0.0,-2.76,暂停,789629,-0.013
新互动广告系列-0923-夹克2-1-新 - 广告副本,3,3,59.73,0.0,-59.73,0,1.195,0.995,-24.68,-27.33,0.0,-2.65,暂停,789629,-0.013
新互动广告系列-0923-夹克2-1-新 - 广告副本,4,4,80.39,0.0,-80.39,0,1.197,1.005,-22.07,-23.65,0.0,-1.59,暂停,789629,-0.013
新互动广告系列-0923-夹克2-1-新 - 广告副本,5,5,99.45,0.0,-99.45,0,1.198,0.994,-22.64,-24.3,0.0,-1.65,暂停,789629,-0.013
新销量广告系列-0923-夹克3-1-新,1,1,24.78,107.54,82.76,1,1.17,0.991,175.02,176.56,0.0,1.54,观察,1563439,0.026
新销量广告系列-0923-夹克3-1-新,2,2,49.23,107.54,58.31,1,1.171,0.985,214.74,217.58,0.0,2.83,观察,1563439,0.026
新销量广告系列-0923-夹克3-1-新,3,3,74.68,237.57,162.89,2,1.172,0.996,201.39,209.63,0.0,8.25,加预算,1563439,0.026
新销量广告系列-0923-夹克3-1-新,4,4,98.5,237.57,139.06,2,1.173,0.985,219.82,225.89,0.0,6.07,加预算,1563439,0.026
新销量广告系列-0923-夹克3-1-新,5,5,123.49,390.86,267.37,3,1.174,0.988,179.29,184.2,0.0,4.91,加预算,1563439,0.026
新互动广告系列-0923-衬衫1-1-新,1,1,48.51,0.0,-48.51,0,1.186,0.97,-101.81,-117.66,0.0,-15.84,暂停,904878,-0.047
新互动广告系列-0923-衬衫1-1-新,2,2,100.08,0.0,-100.08,0,1.191,1.001,-101.5,-119.14,0.0,-17.64,暂停,904878,-0.047
新互动广告系列-0923-衬衫1-1-新,3,3,148.45,53.68,-94.77,1,1.196,0.99,-105.06,-123.28,0.0,-18.22,暂停,904878,-0.047
新互动广告系列-0923-衬衫1-1-新,4,4,198.07,111.89,-86.18,2,1.201,0.99,-110.26,-129.77,0.0,-19.51,暂停,904878,-0.047
新互动广告系列-0923-衬衫1-1-新,5,5,247.8,111.89,-135.91,2,1.205,0.991,-110.33,-129.28,0.0,-18.95,暂停,904878,-0.047
新销量广告系列-0923-衬衫1-1-新 - 广告副本,1,1,15.85,75.52,59.67,1,1.047,1.057,121.17,147.64,0.0,26.48,加预算,121080,-0.013
新销量广告系列-0923-衬衫1-1-新 - 广告副本,2,2,31.18,75.52,44.33,1,1.058,1.039,116.7,142.5,0.0,25.8,加预算,121080,-0.013
新销量广告系列-0923-衬衫1-1-新 - 广告副本,3,3,45.7,75.52,29.82,1,1.069,1.016,107.98,131.91,0.0,23.93,加预算,121080,-0.013
新销量广告系列-0923-衬衫1-1-新 - 广告副本,4,4,60.34,174.63,114.28,2,1.079,1.006,80.52,98.53,0.0,18.01,加预算,121080,-0.013
新销量广告系列-0923-衬衫1-1-新 - 广告副本,5,5,74.59,174.63,100.04,2,1.09,0.995,81.48,99.72,0.0,18.24,加预算,121080,-0.013
新互动广告系列-0923-衬衫2-1-新,1,1,30.22,0.0,-30.22,0,1.256,1.007,-19.24,-20.61,0.0,-1.37,暂停,982123,-0.029
新互动广告系列-0923-衬衫2-1-新,2,2,59.65,57.57,-2.08,1,1.258,0.994,-16.21,-16.87,0.0,-0.66,暂停,982123,-0.029
新互动广告系列-0923-衬衫2-1-新,3,3,90.13,115.34,25.21,2,1.261,1.001,-13.86,-13.98,0.0,-0.12,暂停,982123,-0.029
新互动广告系列-0923-衬衫2-1-新,4,4,120.26,164.1,43.84,3,1.263,1.002,-1.4,1.42,0.0,2.82,加预算,982123,-0.029
新互动广告系列-0923-衬衫2-1-新,5,5,149.71,233.78,84.07,4,1.265,0.998,-11.46,-10.9,0.0,0.56,暂停,982123,-0.029
新销量广告系列-0923-衬衫2-1-新 - 广告副本,1,1,28.14,65.04,36.9,1,1.121,0.938,77.42,85.51,0.0,8.09,加预算,702541,0.036
新销量广告系列-0923-衬衫2-1-新 - 广告副本,2,2,58.08,65.04,6.96,1,1.124,0.968,60.7,66.22,0.0,5.52,加预算,702541,0.036
新销量广告系列-0923-衬衫2-1-新 - 广告副本,3,3,89.77,132.04,42.27,2,1.128,0.997,45.77,48.98,0.0,3.21,加预算,702541,0.036
新销量广告系列-0923-衬衫2-1-新 - 广告副本,4,4,121.23,191.16,69.92,3,1.132,1.01,36.34,38.11,0.0,1.77,观察,702541,0.036
新销量广告系列-0923-衬衫2-1-新 - 广告副本,5,5,150.14,191.16,41.02,3,1.136,1.001,31.18,32.16,0.0,0.98,观察,702541,0.036
新销量广告系列-0923-衬衫3-1-新,1,1,26.08,72.07,45.99,1,1.248,1.043,162.56,199.96,0.0,37.4,加预算,1333919,-0.017
新销量广告系列-0923-衬衫3-1-新,2,2,50.23,129.42,79.19,2,1.25,1.005,173.92,213.84,0.0,39.91,加预算,1333919,-0.017
新销量广告系列-0923-衬衫3-1-新,3,3,76.46,204.75,128.29,3,1.251,1.019,149.04,183.44,0.0,34.4,加预算,1333919,-0.017
新销量广告系列-0923-衬衫3-1-新,4,4,101.88,279.6,177.72,4,1.253,1.019,141.5,174.21,0.0,32.71,加预算,1333919,-0.017
新销量广告系列-0923-衬衫3-1-新,5,5,126.68,345.7,219.02,5,1.255,1.013,138.21,170.2,0.0,31.99,加预算,1333919,-0.017
新销量广告系列-0923-短裤1-1-新,1,1,23.62,55.84,32.22,1,1.054,0.945,127.79,156.63,0.0,28.84,加预算,579718,-0.014
新销量广告系列-0923-短裤1-1-新,2,2,49.04,106.06,57.01,2,1.058,0.981,128.92,157.99,0.0,29.07,加预算,579718,-0.014
新销量广告系列-0923-短裤1-1-新,3,3,73.72,106.06,32.34,2,1.062,0.983,130.44,159.86,0.0,29.42,加预算,579718,-0.014
新销量广告系列-0923-短裤1-1-新,4,4,98.65,166.31,67.66,3,1.066,0.987,128.27,157.2,0.0,28.93,加预算,579718,-0.014
新销量广告系列-0923-短裤1-1-新,5,5,122.91,220.48,97.57,4,1.07,0.983,134.23,164.49,0.0,30.26,加预算,579718,-0.014
新流量广告系列-0923-短裤1-1-新 - 广告副本,1,1,10.5,0.0,-10.5,0,1.2,0.35,-22.75,-22.57,0.0,0.18,暂停,2192002,-0.021
新流量广告系列-0923-短裤1-1-新 - 广告副本,2,2,20.94,0.0,-20.94,0,1.201,0.349,-22.7,-22.51,0.0,0.19,暂停,2192002,-0.021
新流量广告系列-0923-短裤1-1-新 - 广告副本,3,3,31.23,0.0,-31.23,0,1.201,0.347,-22.49,-22.3,0.0,0.2,暂停,2192002,-0.021
新流量广告系列-0923-短裤1-1-新 - 广告副本,4,4,41.76,0.0,-41.76,0,1.202,0.348,-21.08,-20.86,0.0,0.22,暂停,2192002,-0.021
新流量广告系列-0923-短裤1-1-新 - 广告副本,5,5,52.73,0.0,-52.73,0,1.202,0.352,-21.79,-21.6,0.0,0.19,暂停,2192002,-0.021
新销量广告系列-0923-短裤2-1-新,1,1,7.56,50.93,43.37,1,1.108,0.756,162.15,170.13,0.0,7.98,加预算,722065,-0.043
新销量广告系列-0923-短裤2-1-新,2,2,15.97,96.32,80.34,2,1.109,0.799,152.93,160.49,0.0,7.56,加预算,722065,-0.043
新销量广告系列-0923-短裤2-1-新,3,3,23.99,96.32,72.33,2,1.11,0.8,150.26,157.68,0.0,7.41,加预算,722065,-0.043
新销量广告系列-0923-短裤2-1-新,4,4,32.02,96.32,64.29,2,1.111,0.801,134.52,141.27,0.0,6.75,加预算,722065,-0.043
新销量广告系列-0923-短裤2-1-新,5,5,39.71,145.03,105.31,3,1.112,0.794,130.57,137.17,0.0,6.6,加预算,722065,-0.043
新销量广告系列-0923-短裤2-1-新 - 广告副本,1,1,27.86,40.08,12.22,1,1.036,0.929,58.78,51.67,0.0,-7.11,观察,676019,0.104
新销量广告系列-0923-短裤2-1-新 - 广告副本,2,2,60.54,134.91,74.37,3,1.04,1.009,42.95,35.02,0.0,-7.93,观察,676019,0.104
新销量广告系列-0923-短裤2-1-新 - 广告副本,3,3,92.08,174.19,82.1,4,1.044,1.023,47.26,39.89,0.0,-7.37,观察,676019,0.104
新销量广告系列-0923-短裤2-1-新 - 广告副本,4,4,120.86,218.57,97.71,5,1.048,1.007,39.08,30.95,0.0,-8.13,观察,676019,0.104
新销量广告系列-0923-短裤2-1-新 - 广告副本,5,5,150.49,254.89,104.41,6,1.052,1.003,50.36,43.08,0.0,-7.28,观察,676019,0.104
新互动广告系列-0923-短裤3-1-新,1,1,46.46,0.0,-46.46,0,1.165,0.929,-67.86,-85.06,0.0,-17.21,暂停,254005,0.037
新互动广告系列-0923-短裤3-1-新,2,2,97.13,53.44,-43.69,1,1.182,0.971,-69.77,-87.16,0.0,-17.39,暂停,254005,0.037
新互动广告系列-0923-短裤3-1-新,3,3,145.13,104.0,-41.14,2,1.201,0.968,-75.69,-94.11,0.0,-18.43,暂停,254005,0.037
新互动广告系列-0923-短裤3-1-新,4,4,195.45,104.0,-91.46,2,1.219,0.977,-74.61,-92.83,0.0,-18.21,暂停,254005,0.037
新互动广告系列-0923-短裤3-1-新,5,5,243.52,104.0,-139.52,2,1.237,0.974,-72.96,-91.02,0.0,-18.06,暂停,254005,0.037
新销量广告系列-0923-鞋1-1-新,1,1,15.85,0.0,-15.85,0,1.158,1.057,67.37,70.48,0.0,3.1,加预算,312082,0.017
新销量广告系列-0923-鞋1-1-新,2,2,30.9,0.0,-30.9,0,1.161,1.03,54.0,57.66,0.0,3.66,加预算,312082,0.017
新销量广告系列-0923-鞋1-1-新,3,3,45.67,0.0,-45.67,0,1.164,1.015,42.0,43.62,0.0,1.61,观察,312082,0.017
新销量广告系列-0923-鞋1-1-新,4,4,60.86,95.94,35.08,1,1.167,1.014,40.57,43.25,0.0,2.68,加预算,312082,0.017
新销量广告系列-0923-鞋1-1-新,5,5,75.64,95.94,20.3,1,1.17,1.009,49.85,54.58,0.0,4.73,加预算,312082,0.017
新销量广告系列-0923-鞋1-1-新 - 广告副本,1,1,6.22,0.0,-6.22,0,1.092,0.622,12.55,12.22,0.0,-0.33,观察,2009718,0.01
新销量广告系列-0923-鞋1-1-新 - 广告副本,2,2,13.09,0.0,-13.09,0,1.092,0.654,8.36,8.09,0.0,-0.28,观察,2009718,0.01
新销量广告系列-0923-鞋1-1-新 - 广告副本,3,3,19.96,0.0,-19.96,0,1.092,0.665,6.73,6.47,0.0,-0.26,观察,2009718,0.01
新销量广告系列-0923-鞋1-1-新 - 广告副本,4,4,26.57,128.87,102.3,1,1.092,0.664,8.1,7.83,0.0,-0.27,观察,2009718,0.01
新销量广告系列-0923-鞋1-1-新 - 广告副本,5,5,32.34,128.87,96.53,1,1.093,0.647,8.04,7.76,0.0,-0.27,观察,2009718,0.01
新销量广告系列-0923-鞋2-1-新,1,1,29.36,0.0,-29.36,0,1.117,0.979,92.2,112.2,0.0,20.0,加预算,638363,-0.007
新销量广告系列-0923-鞋2-1-新,2,2,57.42,0.0,-57.42,0,1.119,0.957,91.51,111.37,0.0,19.86,加预算,638363,-0.007
新销量广告系列-0923-鞋2-1-新,3,3,86.41,0.0,-86.41,0,1.122,0.96,79.09,96.37,0.0,17.28,加预算,638363,-0.007
新销量广告系列-0923-鞋2-1-新,4,4,116.66,114.88,-1.78,1,1.124,0.972,75.8,92.39,0.0,16.59,加预算,638363,-0.007
新销量广告系列-0923-鞋2-1-新,5,5,145.6,114.88,-30.73,1,1.127,0.971,65.03,79.39,0.0,14.36,加预算,638363,-0.007
新销量广告系列-0923-鞋2-1-新 - 广告副本,1,1,24.71,0.0,-24.71,0,1.076,0.988,59.19,40.11,0.0,-19.09,观察,37461,0.155
新销量广告系列-0923-鞋2-1-新 - 广告副本,2,2,49.2,0.0,-49.2,0,1.119,0.984,54.31,35.52,0.0,-18.79,观察,37461,0.155
新销量广告系列-0923-鞋2-1-新 - 广告副本,3,3,74.31,0.0,-74.31,0,1.163,0.991,46.74,30.03,0.0,-16.71,观察,37461,0.155
新销量广告系列-0923-鞋2-1-新 - 广告副本,4,4,99.6,97.26,-2.34,1,1.211,0.996,46.29,30.97,0.0,-15.32,观察,37461,0.155
新销量广告系列-0923-鞋2-1-新 - 广告副本,5,5,124.21,97.26,-26.95,1,1.261,0.994,49.51,35.3,0.0,-14.22,观察,37461,0.155
新销量广告系列-0923-鞋3-1-新,1,1,12.61,97.08,84.47,1,1.194,0.63,21.66,22.05,0.0,0.39,观察,1427148,-0.007
新销量广告系列-0923-鞋3-1-新,2,2,24.69,189.39,164.7,2,1.194,0.617,24.52,24.92,0.0,0.41,观察,1427148,-0.007
新销量广告系列-0923-鞋3-1-新,3,3,36.98,189.39,152.4,2,1.195,0.616,24.91,25.31,0.0,0.41,观察,1427148,-0.007
新销量广告系列-0923-鞋3-1-新,4,4,48.36,189.39,141.03,2,1.195,0.604,26.8,27.22,0.0,0.43,观察,1427148,-0.007
新销量广告系列-0923-鞋3-1-新,5,5,60.48,189.39,128.91,2,1.196,0.605,19.73,20.11,0.0,0.38,观察,1427148,-0.007
新销量广告系列-0923-袜子1-1-新,1,1,9.66,33.72,24.06,1,1.058,0.483,131.73,112.42,0.0,-19.31,观察,52463,0.121
新销量广告系列-0923-袜子1-1-新,2,2,19.24,59.92,40.68,2,1.076,0.481,133.2,113.82,0.0,-19.38,观察,52463,0.121
新销量广告系列-0923-袜子1-1-新,3,3,28.7,95.95,67.25,3,1.095,0.478,137.63,117.71,0.0,-19.92,观察,52463,0.121
新销量广告系列-0923-袜子1-1-新,4,4,37.79,121.2,83.41,4,1.116,0.472,145.6,124.64,0.0,-20.97,观察,52463,0.121
新销量广告系列-0923-袜子1-1-新,5,5,46.46,148.62,102.15,5,1.137,0.465,156.93,134.55,0.0,-22.38,观察,52463,0.121
新销量广告系列-0923-袜子1-1-新 - 广告副本,1,1,22.81,73.85,51.05,3,1.08,0.912,276.81,379.41,0.0,102.6,加预算,440948,-0.112
新销量广告系列-0923-袜子1-1-新 - 广告副本,2,2,48.27,195.03,146.76,7,1.086,0.965,232.98,320.8,0.0,87.81,加预算,440948,-0.112
新销量广告系列-0923-袜子1-1-新 - 广告副本,3,3,72.26,277.82,205.56,10,1.093,0.963,240.86,331.47,0.0,90.6,加预算,440948,-0.112
新销量广告系列-0923-袜子1-1-新 - 广告副本,4,4,96.27,350.04,253.77,13,1.1,0.963,247.1,340.04,0.0,92.94,加预算,440948,-0.112
新销量广告系列-0923-袜子1-1-新 - 广告副本,5,5,120.88,400.53,279.64,15,1.106,0.967,252.96,347.73,0.0,94.78,加预算,440948,-0.112
新互动广告系列-0923-袜子2-1-新,1,1,10.54,26.66,16.12,1,1.199,1.054,-13.43,-14.99,0.0,-1.56,暂停,511919,-0.055
新互动广告系列-0923-袜子2-1-新,2,2,20.63,26.66,6.03,1,1.202,1.032,-12.92,-14.39,0.0,-1.47,暂停,511919,-0.055
新互动广告系列-0923-袜子2-1-新,3,3,30.56,26.66,-3.9,1,1.204,1.019,-13.25,-14.79,0.0,-1.53,暂停,511919,-0.055
新互动广告系列-0923-袜子2-1-新,4,4,41.05,26.66,-14.38,1,1.207,1.026,-11.92,-13.1,0.0,-1.18,暂停,511919,-0.055
新互动广告系列-0923-袜子2-1-新,5,5,50.47,26.66,-23.81,1,1.209,1.009,-13.28,-14.76,0.0,-1.48,暂停,511919,-0.055
新销量广告系列-0923-袜子2-1-新 - 广告副本,1,1,9.83,0.0,-9.83,0,1.169,0.656,65.63,55.46,0.0,-10.16,观察,2749683,0.106
新销量广告系列-0923-袜子2-1-新 - 广告副本,2,2,20.37,31.05,10.68,1,1.17,0.679,64.89,54.79,0.0,-10.09,观察,2749683,0.106
新销量广告系列-0923-袜子2-1-新 - 广告副本,3,3,30.37,56.39,26.02,2,1.17,0.675,63.9,53.88,0.0,-10.03,观察,2749683,0.106
新销量广告系列-0923-袜子2-1-新 - 广告副本,4,4,40.05,82.75,42.7,3,1.17,0.668,62.3,52.46,0.0,-9.84,观察,2749683,0.106
新销量广告系列-0923-袜子2-1-新 - 广告副本,5,5,50.69,114.98,64.29,4,1.171,0.676,53.65,44.83,0.0,-8.82,观察,2749683,0.106
新流量广告系列-0923-袜子3-1-新,1,1,11.27,30.36,19.09,1,1.229,0.751,59.38,54.99,0.0,-4.39,观察,1621087,0.046
新流量广告系列-0923-袜子3-1-新,2,2,22.6,65.69,43.09,2,1.23,0.753,51.51,47.48,0.0,-4.02,观察,1621087,0.046
新流量广告系列-0923-袜子3-1-新,3,3,35.2,97.76,62.55,3,1.231,0.782,44.23,40.54,0.0,-3.69,观察,1621087,0.046
新流量广告系列-0923-袜子3-1-新,4,4,48.0,128.17,80.18,4,1.232,0.8,38.65,35.23,0.0,-3.42,观察,1621087,0.046
新流量广告系列-0923-袜子3-1-新,5,5,59.14,128.17,69.03,4,1.233,0.789,42.92,39.18,0.0,-3.74,观察,1621087,0.046
新流量广告系列-0923-内衣1-1-新,1,1,19.96,41.28,21.32,1,1.042,0.998,20.26,24.57,0.0,4.31,加预算,996722,-0.006
新流量广告系列-0923-内衣1-1-新,2,2,39.61,41.28,1.67,1,1.044,0.99,22.03,26.84,0.0,4.81,加预算,996722,-0.006
新流量广告系列-0923-内衣1-1-新,3,3,59.8,93.73,33.94,2,1.045,0.997,24.32,29.76,0.0,5.44,加预算,996722,-0.006
新流量广告系列-0923-内衣1-1-新,4,4,79.98,93.73,13.75,2,1.047,1.0,24.06,29.45,0.0,5.39,加预算,996722,-0.006
新流量广告系列-0923-内衣1-1-新,5,5,100.52,93.73,-6.79,2,1.049,1.005,19.86,24.37,0.0,4.51,加预算,996722,-0.006
新销量广告系列-0923-内衣1-1-新 - 广告副本,1,1,10.13,0.0,-10.13,0,1.117,1.013,83.96,93.94,0.0,9.98,加预算,937224,0.05
新销量广告系列-0923-内衣1-1-新 - 广告副本,2,2,19.92,0.0,-19.92,0,1.118,0.996,88.1,98.67,0.0,10.57,加预算,937224,0.05
新销量广告系列-0923-内衣1-1-新 - 广告副本,3,3,29.97,0.0,-29.97,0,1.118,0.999,90.77,101.7,0.0,10.93,加预算,937224,0.05
新销量广告系列-0923-内衣1-1-新 - 广告副本,4,4,39.8,0.0,-39.8,0,1.119,0.995,79.96,89.36,0.0,9.4,加预算,937224,0.05
新销量广告系列-0923-内衣1-1-新 - 广告副本,5,5,49.36,0.0,-49.36,0,1.12,0.987,77.02,85.96,0.0,8.95,加预算,937224,0.05
新互动广告系列-0923-内衣2-1-新,1,1,19.27,0.0,-19.27,0,1.04,0.964,-41.72,-45.1,0.0,-3.38,暂停,1759716,-0.026
新互动广告系列-0923-内衣2-1-新,2,2,39.33,0.0,-39.33,0,1.041,0.983,-43.05,-46.09,0.0,-3.04,暂停,1759716,-0.026
新互动广告系列-0923-内衣2-1-新,3,3,58.46,0.0,-58.46,0,1.042,0.974,-44.57,-48.63,0.0,-4.05,暂停,1759716,-0.026
新互动广告系列-0923-内衣2-1-新,4,4,77.78,68.04,-9.74,1,1.042,0.972,-45.11,-50.14,0.0,-5.03,暂停,1759716,-0.026
新互动广告系列-0923-内衣2-1-新,5,5,99.47,68.04,-31.43,1,1.044,0.995,-44.82,-50.21,0.0,-5.39,暂停,1759716,-0.026
新销量广告系列-0923-内衣2-1-新 - 广告副本,1,1,9.77,0.0,-9.77,0,1.111,0.652,49.21,45.28,0.0,-3.94,观察,2073759,0.051
新销量广告系列-0923-内衣2-1-新 - 广告副本,2,2,19.97,0.0,-19.97,0,1.112,0.666,43.24,39.66,0.0,-3.58,观察,2073759,0.051
新销量广告系列-0923-内衣2-1-新 - 广告副本,3,3,29.24,0.0,-29.24,0,1.112,0.65,41.57,38.12,0.0,-3.46,观察,2073759,0.051
新销量广告系列-0923-内衣2-1-新 - 广告副本,4,4,38.02,0.0,-38.02,0,1.113,0.634,44.87,41.23,0.0,-3.64,观察,2073759,0.051
新销量广告系列-0923-内衣2-1-新 - 广告副本,5,5,47.26,56.18,8.92,1,1.113,0.63,45.6,41.91,0.0,-3.69,观察,2073759,0.051
新互动广告系列-0923-内衣3-1-新,1,1,24.07,0.0,-24.07,0,1.113,0.963,4.98,10.74,0.0,5.76,加预算,419091,-0.05
新互动广告系列-0923-内衣3-1-新,2,2,50.07,0.0,-50.07,0,1.117,1.001,9.73,16.51,0.0,6.78,加预算,419091,-0.05
新互动广告系列-0923-内衣3-1-新,3,3,73.58,0.0,-73.58,0,1.122,0.981,8.14,14.44,0.0,6.29,加预算,419091,-0.05
新互动广告系列-0923-内衣3-1-新,4,4,98.01,0.0,-98.01,0,1.127,0.98,12.13,19.2,0.0,7.07,加预算,419091,-0.05
新互动广告系列-0923-内衣3-1-新,5,5,122.81,0.0,-122.81,0,1.132,0.983,4.53,10.36,0.0,5.82,加预算,419091,-0.05
新销量广告系列-0923-毛衣1-1-新,1,1,10.77,0.0,-10.77,0,1.261,1.077,102.57,134.85,0.0,32.28,加预算,572148,-0.074
新销量广告系列-0923-毛衣1-1-新,2,2,20.63,0.0,-20.63,0,1.262,1.032,100.28,131.94,0.0,31.66,加预算,572148,-0.074
新销量广告系列-0923-毛衣1-1-新,3,3,30.12,0.0,-30.12,0,1.263,1.004,104.1,136.88,0.0,32.78,加预算,572148,-0.074
新销量广告系列-0923-毛衣1-1-新,4,4,40.73,0.0,-40.73,0,1.264,1.018,96.88,127.53,0.0,30.65,加预算,572148,-0.074
新销量广告系列-0923-毛衣1-1-新,5,5,51.08,0.0,-51.08,0,1.265,1.022,101.4,133.36,0.0,31.97,加预算,572148,-0.074
新销量广告系列-0923-毛衣1-1-新 - 广告副本,1,1,6.35,81.62,75.28,1,1.251,0.317,1.74,3.28,0.0,1.54,观察,2361970,-0.071
新销量广告系列-0923-毛衣1-1-新 - 广告副本,2,2,13.06,81.62,68.57,1,1.251,0.326,3.01,4.67,0.0,1.66,观察,2361970,-0.071
新销量广告系列-0923-毛衣1-1-新 - 广告副本,3,3,19.52,158.21,138.68,2,1.252,0.325,3.84,5.53,0.0,1.7,观察,2361970,-0.071
新销量广告系列-0923-毛衣1-1-新 - 广告副本,4,4,26.23,158.21,131.98,2,1.252,0.328,5.59,7.39,0.0,1.8,观察,2361970,-0.071
新销量广告系列-0923-毛衣1-1-新 - 广告副本,5,5,33.38,158.21,124.83,2,1.252,0.334,4.19,5.82,0.0,1.63,观察,2361970,-0.071
新互动广告系列-0923-毛衣2-1-新,1,1,11.97,0.0,-11.97,0,1.072,0.479,-1.65,-3.79,0.0,-2.14,观察,62444,0.064
新互动广告系列-0923-毛衣2-1-新,2,2,24.01,0.0,-24.01,0,1.086,0.48,-3.88,-5.92,0.0,-2.04,暂停,62444,0.064
新互动广告系列-0923-毛衣2-1-新,3,3,34.7,0.0,-34.7,0,1.1,0.463,-5.5,-7.57,0.0,-2.07,暂停,62444,0.064
新互动广告系列-0923-毛衣2-1-新,4,4,47.17,0.0,-47.17,0,1.112,0.472,-4.71,-6.82,0.0,-2.11,暂停,62444,0.064
新互动广告系列-0923-毛衣2-1-新,5,5,59.89,0.0,-59.89,0,1.126,0.479,-6.6,-8.55,0.0,-1.95,暂停,62444,0.064
新销量广告系列-0923-毛衣2-1-新 - 广告副本,1,1,39.86,0.0,-39.86,0,1.029,0.797,272.49,263.41,0.0,-9.08,观察,721333,0.023
新销量广告系列-0923-毛衣2-1-新 - 广告副本,2,2,79.13,96.03,16.9,1,1.032,0.791,262.82,253.9,0.0,-8.92,观察,721333,0.023
新销量广告系列-0923-毛衣2-1-新 - 广告副本,3,3,120.65,200.41,79.75,2,1.036,0.804,330.14,319.71,0.0,-10.42,观察,721333,0.023
新销量广告系列-0923-毛衣2-1-新 - 广告副本,4,4,161.17,267.29,106.12,3,1.039,0.806,402.93,390.8,0.0,-12.13,观察,721333,0.023
新销量广告系列-0923-毛衣2-1-新 - 广告副本,5,5,203.09,348.32,145.22,4,1.043,0.812,404.82,392.71,0.0,-12.11,观察,721333,0.023
新销量广告系列-0923-毛衣3-1-新,1,1,28.51,89.76,61.26,1,1.096,0.95,30.24,36.54,0.0,6.3,加预算,1203507,-0.002
新销量广告系列-0923-毛衣3-1-新,2,2,58.98,89.76,30.78,1,1.098,0.983,29.68,35.87,0.0,6.19,加预算,1203507,-0.002
新销量广告系列-0923-毛衣3-1-新,3,3,89.81,182.39,92.59,2,1.1,0.998,28.62,34.6,0.0,5.97,加预算,1203507,-0.002
新销量广告系列-0923-毛衣3-1-新,4,4,119.37,182.39,63.03,2,1.102,0.995,14.05,17.08,0.0,3.03,加预算,1203507,-0.002
新销量广告系列-0923-毛衣3-1-新,5,5,150.09,182.39,32.31,2,1.104,1.001,16.41,19.92,0.0,3.5,加预算,1203507,-0.002
新销量广告系列-0923-羽绒服1-1-新,1,1,15.66,0.0,-15.66,0,1.085,0.522,-11.2,-11.34,0.0,-0.14,暂停,968147,0.004
新销量广告系列-0923-羽绒服1-1-新,2,2,30.29,0.0,-30.29,0,1.086,0.505,-12.89,-13.02,0.0,-0.13,暂停,968147,0.004
新销量广告系列-0923-羽绒服1-1-新,3,3,45.4,0.0,-45.4,0,1.087,0.504,-12.06,-12.18,0.0,-0.13,暂停,968147,0.004
新销量广告系列-0923-羽绒服1-1-新,4,4,59.31,0.0,-59.31,0,1.088,0.494,-12.59,-12.72,0.0,-0.13,暂停,968147,0.004
新销量广告系列-0923-羽绒服1-1-新,5,5,73.5,0.0,-73.5,0,1.089,0.49,-11.68,-11.82,0.0,-0.14,暂停,968147,0.004
新流量广告系列-0923-羽绒服1-1-新 - 广告副本,1,1,17.19,0.0,-17.19,0,1.08,0.859,13.93,12.79,0.0,-1.14,观察,672007,0.018
新流量广告系列-0923-羽绒服1-1-新 - 广告副本,2,2,34.71,0.0,-34.71,0,1.081,0.868,11.43,10.36,0.0,-1.06,观察,672007,0.018
新流量广告系列-0923-羽绒服1-1-新 - 广告副本,3,3,50.33,0.0,-50.33,0,1.083,0.839,15.4,14.24,0.0,-1.16,观察,672007,0.018
新流量广告系列-0923-羽绒服1-1-新 - 广告副本,4,4,67.79,157.38,89.59,1,1.084,0.847,16.07,14.9,0.0,-1.17,观察,672007,0.018
新流量广告系列-0923-羽绒服1-1-新 - 广告副本,5,5,83.45,157.38,73.93,1,1.086,0.834,20.54,19.27,0.0,-1.27,观察,672007,0.018
新销量广告系列-0923-羽绒服2-1-新,1,1,38.31,187.52,149.21,1,1.161,0.958,10.03,8.61,0.0,-1.42,观察,638606,0.023
新销量广告系列-0923-羽绒服2-1-新,2,2,74.9,187.52,112.63,1,1.164,0.936,8.65,6.89,0.0,-1.76,观察,638606,0.023
新销量广告系列-0923-羽绒服2-1-新,3,3,112.69,187.52,74.83,1,1.168,0.939,2.87,0.06,0.0,-2.81,观察,638606,0.023
新销量广告系列-0923-羽绒服2-1-新,4,4,153.72,396.22,242.5,2,1.171,0.961,5.93,3.57,0.0,-2.36,观察,638606,0.023
新销量广告系列-0923-羽绒服2-1-新,5,5,193.87,396.22,202.35,2,1.175,0.969,1.09,-2.08,0.0,-3.16,观察,638606,0.023
新销量广告系列-0923-羽绒服2-1-新 - 广告副本,1,1,24.21,0.0,-24.21,0,1.111,0.968,77.43,77.62,0.0,0.19,观察,1031237,0.084
新销量广告系列-0923-羽绒服2-1-新 - 广告副本,2,2,49.26,0.0,-49.26,0,1.112,0.985,92.79,94.56,0.0,1.77,观察,1031237,0.084
新销量广告系列-0923-羽绒服2-1-新 - 广告副本,3,3,74.19,0.0,-74.19,0,1.114,0.989,72.4,71.24,0.0,-1.16,观察,1031237,0.084
新销量广告系列-0923-羽绒服2-1-新 - 广告副本,4,4,98.68,0.0,-98.68,0,1.115,0.987,68.43,66.84,0.0,-1.6,观察,1031237,0.084
新销量广告系列-0923-羽绒服2-1-新 - 广告副本,5,5,123.13,0.0,-123.13,0,1.116,0.985,46.28,41.9,0.0,-4.38,观察,1031237,0.084
新流量广告系列-0923-羽绒服3-1-新,1,1,19.3,0.0,-19.3,0,1.252,0.965,-35.02,-47.03,0.0,-12.01,暂停,56376,0.168
新流量广告系列-0923-羽绒服3-1-新,2,2,38.85,0.0,-38.85,0,1.273,0.971,-37.81,-49.74,0.0,-11.93,暂停,56376,0.168
新流量广告系列-0923-羽绒服3-1-新,3,3,59.3,0.0,-59.3,0,1.295,0.988,-40.55,-52.51,0.0,-11.96,暂停,56376,0.168
新流量广告系列-0923-羽绒服3-1-新,4,4,79.13,0.0,-79.13,0,1.316,0.989,-40.15,-52.2,0.0,-12.05,暂停,56376,0.168
新流量广告系列-0923-羽绒服3-1-新,5,5,98.33,0.0,-98.33,0,1.336,0.983,-42.89,-55.29,0.0,-12.4,暂停,56376,0.168
新流量广告系列-0923-西装1-1-新,1,1,50.54,0.0,-50.54,0,1.106,1.011,-89.48,-113.91,0.0,-24.43,暂停,987206,0.086
新流量广告系列-0923-西装1-1-新,2,2,102.9,0.0,-102.9,0,1.109,1.029,-91.13,-115.48,0.0,-24.35,暂停,987206,0.086
新流量广告系列-0923-西装1-1-新,3,3,153.09,0.0,-153.09,0,1.112,1.021,-94.86,-119.48,0.0,-24.62,暂停,987206,0.086
新流量广告系列-0923-西装1-1-新,4,4,203.13,0.0,-203.13,0,1.115,1.016,-101.16,-126.36,0.0,-25.2,暂停,987206,0.086
新流量广告系列-0923-西装1-1-新,5,5,253.18,0.0,-253.18,0,1.118,1.013,-110.16,-136.59,0.0,-26.43,暂停,987206,0.086
新互动广告系列-0923-西装1-1-新 - 广告副本,1,1,36.59,180.16,143.57,1,1.102,0.732,59.45,57.17,0.0,-2.28,观察,3964773,0.014
新互动广告系列-0923-西装1-1-新 - 广告副本,2,2,72.65,180.16,107.51,1,1.102,0.727,71.52,69.06,0.0,-2.45,观察,3964773,0.014
新互动广告系列-0923-西装1-1-新 - 广告副本,3,3,106.79,180.16,73.37,1,1.103,0.712,73.21,70.68,0.0,-2.53,观察,3964773,0.014
新互动广告系列-0923-西装1-1-新 - 广告副本,4,4,141.1,180.16,39.06,1,1.103,0.706,77.52,74.9,0.0,-2.62,观察,3964773,0.014
新互动广告系列-0923-西装1-1-新 - 广告副本,5,5,177.22,180.16,2.94,1,1.104,0.709,71.04,68.49,0.0,-2.55,观察,3964773,0.014
新销量广告系列-0923-西装2-1-新,1,1,21.1,0.0,-21.1,0,1.18,1.055,11.15,19.15,0.0,8.0,加预算,1360253,-0.098
新销量广告系列-0923-西装2-1-新,2,2,41.57,182.27,140.7,1,1.181,1.039,5.39,12.47,0.0,7.08,加预算,1360253,-0.098
新销量广告系列-0923-西装2-1-新,3,3,61.67,182.27,120.6,1,1.182,1.028,0.72,7.09,0.0,6.38,加预算,1360253,-0.098
新销量广告系列-0923-西装2-1-新,4,4,82.32,182.27,99.95,1,1.182,1.029,-3.01,2.76,0.0,5.77,加预算,1360253,-0.098
新销量广告系列-0923-西装2-1-新,5,5,102.25,333.83,231.58,2,1.183,1.022,-6.42,-1.35,0.0,5.07,暂停,1360253,-0.098
新销量广告系列-0923-西装2-1-新 - 广告副本,1,1,20.27,137.35,117.07,1,1.179,1.014,52.83,73.28,0.0,20.45,加预算,1169634,-0.073
新销量广告系列-0923-西装2-1-新 - 广告副本,2,2,40.78,137.35,96.57,1,1.18,1.019,50.17,69.8,0.0,19.63,加预算,1169634,-0.073
新销量广告系列-0923-西装2-1-新 - 广告副本,3,3,60.08,137.35,77.26,1,1.181,1.001,42.4,59.85,0.0,17.45,加预算,1169634,-0.073
新销量广告系列-0923-西装2-1-新 - 广告副本,4,4,79.68,137.35,57.67,1,1.182,0.996,38.02,54.28,0.0,16.26,加预算,1169634,-0.073
新销量广告系列-0923-西装2-1-新 - 广告副本,5,5,99.46,137.35,37.88,1,1.183,0.995,38.16,54.45,0.0,16.29,加预算,1169634,-0.073
新销量广告系列-0923-西装3-1-新,1,1,28.39,117.48,89.1,1,1.18,0.946,-20.94,-15.21,0.0,5.73,暂停,1416754,-0.12
新销量广告系列-0923-西装3-1-新,2,2,58.29,117.48,59.2,1,1.181,0.971,-26.38,-22.32,0.0,4.07,暂停,1416754,-0.12
新销量广告系列-0923-西装3-1-新,3,3,88.33,271.77,183.44,2,1.182,0.981,-25.06,-20.42,0.0,4.64,暂停,1416754,-0.12
新销量广告系列-0923-西装3-1-新,4,4,118.19,271.77,153.58,2,1.183,0.985,-25.35,-20.67,0.0,4.67,暂停,1416754,-0.12
新销量广告系列-0923-西装3-1-新,5,5,149.55,271.77,122.21,2,1.184,0.997,-28.38,-25.05,0.0,3.34,暂停,1416754,-0.12
新销量广告系列-0923-风衣1-1-新,1,1,52.29,0.0,-52.29,0,1.075,1.046,17.22,-13.69,0.0,-30.91,观察,121558,0.173
新销量广告系列-0923-风衣1-1-新,2,2,99.76,0.0,-99.76,0,1.105,0.998,15.61,-15.92,0.0,-31.53,观察,121558,0.173
新销量广告系列-0923-风衣1-1-新,3,3,153.76,0.0,-153.76,0,1.135,1.025,7.1,-23.32,0.0,-30.42,观察,121558,0.173
新销量广告系列-0923-风衣1-1-新,4,4,200.83,0.0,-200.83,0,1.166,1.004,-11.88,-42.35,0.0,-30.47,暂停,121558,0.173
新销量广告系列-0923-风衣1-1-新,5,5,251.3,0.0,-251.3,0,1.194,1.005,-26.83,-57.08,0.0,-30.25,暂停,121558,0.173
新销量广告系列-0923-风衣1-1-新 - 广告副本,1,1,26.07,0.0,-26.07,0,1.214,0.869,24.29,26.8,0.0,2.51,加预算,340414,-0.025
新销量广告系列-0923-风衣1-1-新 - 广告副本,2,2,50.76,0.0,-50.76,0,1.219,0.846,14.79,17.07,0.0,2.29,加预算,340414,-0.025
新销量广告系列-0923-风衣1-1-新 - 广告副本,3,3,76.24,0.0,-76.24,0,1.224,0.847,4.15,6.19,0.0,2.04,加预算,340414,-0.025
新销量广告系列-0923-风衣1-1-新 - 广告副本,4,4,100.93,134.01,33.08,1,1.228,0.841,-1.77,0.15,0.0,1.92,观察,340414,-0.025
新销量广告系列-0923-风衣1-1-新 - 广告副本,5,5,126.25,134.01,7.75,1,1.233,0.842,1.44,3.46,0.0,2.02,加预算,340414,-0.025
新销量广告系列-0923-风衣2-1-新,1,1,4.69,0.0,-4.69,0,1.074,0.469,20.3,22.0,0.0,1.7,观察,536171,-0.048
新销量广告系列-0923-风衣2-1-新,2,2,9.85,0.0,-9.85,0,1.074,0.493,17.81,19.39,0.0,1.59,观察,536171,-0.048
新销量广告系列-0923-风衣2-1-新,3,3,15.02,0.0,-15.02,0,1.075,0.501,15.05,16.5,0.0,1.45,观察,536171,-0.048
新销量广告系列-0923-风衣2-1-新,4,4,20.09,0.0,-20.09,0,1.075,0.502,12.63,13.96,0.0,1.33,观察,536171,-0.048
新销量广告系列-0923-风衣2-1-新,5,5,25.36,0.0,-25.36,0,1.076,0.507,10.51,11.73,0.0,1.22,观察,536171,-0.048
新互动广告系列-0923-风衣2-1-新 - 广告副本,1,1,19.74,0.0,-19.74,0,1.094,0.987,-30.96,-42.6,0.0,-11.64,暂停,69888,0.168
新互动广告系列-0923-风衣2-1-新 - 广告副本,2,2,38.24,0.0,-38.24,0,1.114,0.956,-33.48,-45.34,0.0,-11.86,暂停,69888,0.168
新互动广告系列-0923-风衣2-1-新 - 广告副本,3,3,58.13,0.0,-58.13,0,1.133,0.969,-33.99,-45.86,0.0,-11.87,暂停,69888,0.168
新互动广告系列-0923-风衣2-1-新 - 广告副本,4,4,77.75,0.0,-77.75,0,1.153,0.972,-35.34,-47.09,0.0,-11.76,暂停,69888,0.168
新互动广告系列-0923-风衣2-1-新 - 广告副本,5,5,97.34,0.0,-97.34,0,1.174,0.973,-35.12,-46.5,0.0,-11.38,暂停,69888,0.168
新销量广告系列-0923-风衣3-1-新,1,1,19.69,0.0,-19.69,0,1.229,0.984,30.61,44.5,0.0,13.89,加预算,967623,-0.12
新销量广告系列-0923-风衣3-1-新,2,2,39.8,0.0,-39.8,0,1.23,0.995,20.99,32.94,0.0,11.95,加预算,967623,-0.12
新销量广告系列-0923-风衣3-1-新,3,3,59.39,0.0,-59.39,0,1.232,0.99,14.99,25.32,0.0,10.32,加预算,967623,-0.12
新销量广告系列-0923-风衣3-1-新,4,4,78.26,0.0,-78.26,0,1.233,0.978,13.91,23.97,0.0,10.06,加预算,967623,-0.12
新销量广告系列-0923-风衣3-1-新,5,5,98.51,0.0,-98.51,0,1.234,0.985,13.4,24.13,0.0,10.73,加预算,967623,-0.12
新销量广告系列-0923-半身裙1-1-新,1,1,26.38,0.0,-26.38,0,1.155,1.055,67.11,76.24,0.0,9.13,加预算,265896,0.025
新销量广告系列-0923-半身裙1-1-新,2,2,51.04,69.73,18.69,1,1.162,1.021,80.89,92.31,0.0,11.43,加预算,265896,0.025
新销量广告系列-0923-半身裙1-1-新,3,3,76.63,134.52,57.89,2,1.169,1.022,86.07,98.41,0.0,12.34,加预算,265896,0.025
新销量广告系列-0923-半身裙1-1-新,4,4,101.33,192.47,91.15,3,1.176,1.013,91.01,104.16,0.0,13.15,加预算,265896,0.025
新销量广告系列-0923-半身裙1-1-新,5,5,127.53,192.47,64.94,3,1.182,1.02,66.27,75.23,0.0,8.96,加预算,265896,0.025
新销量广告系列-0923-半身裙1-1-新 - 广告副本,1,1,40.39,101.51,61.12,1,1.123,1.01,200.12,183.82,0.0,-16.3,观察,98241,0.146
新销量广告系列-0923-半身裙1-1-新 - 广告副本,2,2,80.64,201.63,120.99,2,1.158,1.008,164.28,147.2,0.0,-17.08,观察,98241,0.146
新销量广告系列-0923-半身裙1-1-新 - 广告副本,3,3,121.12,290.03,168.9,3,1.193,1.009,144.17,126.86,0.0,-17.31,观察,98241,0.146
新销量广告系列-0923-半身裙1-1-新 - 广告副本,4,4,161.59,448.81,287.22,5,1.227,1.01,154.68,137.53,0.0,-17.14,观察,98241,0.146
新销量广告系列-0923-半身裙1-1-新 - 广告副本,5,5,201.22,534.02,332.8,6,1.264,1.006,143.73,125.98,0.0,-17.75,观察,98241,0.146
新流量广告系列-0923-半身裙2-1-新,1,1,18.54,0.0,-18.54,0,1.159,0.927,21.46,26.85,0.0,5.39,加预算,655049,-0.011
新流量广告系列-0923-半身裙2-1-新,2,2,39.4,73.88,34.48,1,1.161,0.985,24.74,30.8,0.0,6.05,加预算,655049,-0.011
新流量广告系列-0923-半身裙2-1-新,3,3,58.85,73.88,15.02,1,1.164,0.981,14.52,18.4,0.0,3.88,加预算,655049,-0.011
新流量广告系列-0923-半身裙2-1-新,4,4,80.3,73.88,-6.43,1,1.167,1.004,13.9,17.62,0.0,3.72,加预算,655049,-0.011
新流量广告系列-0923-半身裙2-1-新,5,5,98.42,153.59,55.17,2,1.169,0.984,13.78,17.49,0.0,3.72,加预算,655049,-0.011
新销量广告系列-0923-半身裙2-1-新 - 广告副本,1,1,20.26,61.32,41.06,1,1.145,1.013,20.69,11.21,0.0,-9.47,观察,49152,0.132
新销量广告系列-0923-半身裙2-1-新 - 广告副本,2,2,40.3,125.23,84.92,2,1.179,1.008,20.5,11.47,0.0,-9.04,观察,49152,0.132
新销量广告系列-0923-半身裙2-1-新 - 广告副本,3,3,59.7,125.23,65.53,2,1.213,0.995,18.88,9.8,0.0,-9.08,观察,49152,0.132
新销量广告系列-0923-半身裙2-1-新 - 广告副本,4,4,80.41,125.23,44.82,2,1.248,1.005,15.39,6.74,0.0,-8.65,观察,49152,0.132
新销量广告系列-0923-半身裙2-1-新 - 广告副本,5,5,99.3,125.23,25.92,2,1.283,0.993,11.57,2.5,0.0,-9.07,观察,49152,0.132
新销量广告系列-0923-半身裙3-1-新,1,1,52.15,73.04,20.88,1,1.118,1.043,111.34,105.43,0.0,-5.91,观察,299576,0.089
新销量广告系列-0923-半身裙3-1-新,2,2,102.83,147.26,44.43,2,1.132,1.028,87.41,79.14,0.0,-8.27,观察,299576,0.089
新销量广告系列-0923-半身裙3-1-新,3,3,151.85,220.45,68.6,3,1.146,1.012,106.66,100.22,0.0,-6.45,观察,299576,0.089
新销量广告系列-0923-半身裙3-1-新,4,4,200.74,383.58,182.84,5,1.16,1.004,72.19,62.52,0.0,-9.67,观察,299576,0.089
新销量广告系列-0923-半身裙3-1-新,5,5,252.59,500.24,247.65,7,1.176,1.01,87.11,76.39,0.0,-10.72,观察,299576,0.089
新销量广告系列-0923-运动裤1-1-新,1,1,8.46,0.0,-8.46,0,1.294,0.423,18.19,22.53,0.0,4.34,加预算,829590,-0.096
新销量广告系列-0923-运动裤1-1-新,2,2,17.5,61.5,43.99,1,1.295,0.438,17.2,21.45,0.0,4.25,加预算,829590,-0.096
新销量广告系列-0923-运动裤1-1-新,3,3,26.43,152.24,125.81,2,1.296,0.441,10.85,14.44,0.0,3.59,加预算,829590,-0.096
新销量广告系列-0923-运动裤1-1-新,4,4,35.42,152.24,116.82,2,1.297,0.443,9.14,12.58,0.0,3.44,加预算,829590,-0.096
新销量广告系列-0923-运动裤1-1-新,5,5,44.56,152.24,107.68,2,1.298,0.446,8.17,11.49,0.0,3.32,加预算,829590,-0.096
新互动广告系列-0923-运动裤1-1-新 - 广告副本,1,1,39.86,0.0,-39.86,0,1.183,0.996,40.91,32.61,0.0,-8.3,观察,111118,0.089
新互动广告系列-0923-运动裤1-1-新 - 广告副本,2,2,76.72,0.0,-76.72,0,1.216,0.959,41.12,29.77,0.0,-11.35,观察,111118,0.089
新互动广告系列-0923-运动裤1-1-新 - 广告副本,3,3,115.11,0.0,-115.11,0,1.248,0.959,49.6,37.57,0.0,-12.02,观察,111118,0.089
新互动广告系列-0923-运动裤1-1-新 - 广告副本,4,4,152.63,77.27,-75.36,1,1.281,0.954,58.08,46.75,0.0,-11.33,观察,111118,0.089
新互动广告系列-0923-运动裤1-1-新 - 广告副本,5,5,192.02,77.27,-114.75,1,1.315,0.96,57.64,46.55,0.0,-11.08,观察,111118,0.089
新销量广告系列-0923-运动裤2-1-新,1,1,15.68,0.0,-15.68,0,1.202,1.046,-2.86,-3.95,0.0,-1.09,观察,787362,0.01
新销量广告系列-0923-运动裤2-1-新,2,2,32.24,69.77,37.53,1,1.204,1.075,-1.63,-2.48,0.0,-0.85,观察,787362,0.01
新销量广告系列-0923-运动裤2-1-新,3,3,46.85,69.77,22.92,1,1.205,1.041,-2.49,-3.5,0.0,-1.01,观察,787362,0.01
新销量广告系列-0923-运动裤2-1-新,4,4,61.6,146.77,85.17,2,1.207,1.027,-4.89,-6.36,0.0,-1.47,暂停,787362,0.01
新销量广告系列-0923-运动裤2-1-新,5,5,77.2,218.38,141.18,3,1.208,1.029,-5.82,-7.46,0.0,-1.64,暂停,787362,0.01
新销量广告系列-0923-运动裤2-1-新 - 广告副本,1,1,14.35,97.24,82.89,1,1.12,0.717,182.35,197.57,0.0,15.22,加预算,1633305,-0.067
新销量广告系列-0923-运动裤2-1-新 - 广告副本,2,2,29.22,171.15,141.92,2,1.12,0.731,200.24,216.73,0.0,16.49,加预算,1633305,-0.067
新销量广告系列-0923-运动裤2-1-新 - 广告副本,3,3,45.17,171.15,125.98,2,1.121,0.753,178.5,193.47,0.0,14.97,加预算,1633305,-0.067
新销量广告系列-0923-运动裤2-1-新 - 广告副本,4,4,60.07,171.15,111.08,2,1.122,0.751,157.16,170.81,0.0,13.64,加预算,1633305,-0.067
新销量广告系列-0923-运动裤2-1-新 - 广告副本,5,5,76.07,171.15,95.08,2,1.123,0.761,133.64,145.67,0.0,12.03,加预算,1633305,-0.067
新销量广告系列-0923-运动裤3-1-新,1,1,5.81,0.0,-5.81,0,1.133,0.581,-2.44,-2.49,0.0,-0.05,观察,2232685,0.004
新销量广告系列-0923-运动裤3-1-新,2,2,11.7,0.0,-11.7,0,1.134,0.585,-3.53,-3.58,0.0,-0.05,暂停,2232685,0.004
新销量广告系列-0923-运动裤3-1-新,3,3,17.27,0.0,-17.27,0,1.134,0.576,-4.33,-4.37,0.0,-0.05,暂停,2232685,0.004
新销量广告系列-0923-运动裤3-1-新,4,4,22.65,0.0,-22.65,0,1.134,0.566,-3.61,-3.66,0.0,-0.05,暂停,2232685,0.004
新销量广告系列-0923-运动裤3-1-新,5,5,28.29,0.0,-28.29,0,1.134,0.566,-3.26,-3.31,0.0,-0.05,暂停,2232685,0.004
新互动广告系列-0923-背心1-1-新,1,1,26.01,44.9,18.89,1,1.239,1.04,-3.11,2.21,0.0,5.31,加预算,2108997,-0.067
新互动广告系列-0923-背心1-1-新,2,2,52.31,44.9,-7.41,1,1.24,1.046,-0.35,5.56,0.0,5.91,加预算,2108997,-0.067
新互动广告系列-0923-背心1-1-新,3,3,77.61,44.9,-32.71,1,1.242,1.035,-2.63,2.71,0.0,5.34,加预算,2108997,-0.067
新互动广告系列-0923-背心1-1-新,4,4,102.64,85.74,-16.91,2,1.243,1.026,-4.57,0.25,0.0,4.82,暂停,2108997,-0.067
新互动广告系列-0923-背心1-1-新,5,5,127.42,85.74,-41.69,2,1.244,1.019,-6.27,-1.82,0.0,4.44,暂停,2108997,-0.067
新销量广告系列-0923-背心1-1-新 - 广告副本,1,1,19.46,39.62,20.16,1,1.257,0.973,48.77,20.59,0.0,-28.18,观察,20332,0.29
新销量广告系列-0923-背心1-1-新 - 广告副本,2,2,38.16,78.22,40.06,2,1.384,0.954,40.13,12.7,0.0,-27.43,观察,20332,0.29
新销量广告系列-0923-背心1-1-新 - 广告副本,3,3,58.9,122.84,63.93,3,1.509,0.982,24.03,-0.42,0.0,-24.45,观察,20332,0.29
新销量广告系列-0923-背心1-1-新 - 广告副本,4,4,79.59,157.77,78.19,4,1.649,0.995,19.18,-4.55,0.0,-23.73,观察,20332,0.29
新销量广告系列-0923-背心1-1-新 - 广告副本,5,5,99.81,157.77,57.96,4,1.796,0.998,15.07,-7.99,0.0,-23.06,观察,20332,0.29
新销量广告系列-0923-背心2-1-新,1,1,28.61,41.06,12.45,1,1.33,0.954,88.93,69.95,0.0,-18.98,观察,42830,0.17
新销量广告系列-0923-背心2-1-新,2,2,61.03,86.59,25.56,2,1.402,1.017,70.37,52.28,0.0,-18.09,观察,42830,0.17
新销量广告系列-0923-背心2-1-新,3,3,88.39,126.81,38.42,3,1.474,0.982,69.21,50.48,0.0,-18.73,观察,42830,0.17
新销量广告系列-0923-背心2-1-新,4,4,119.41,161.39,41.98,4,1.547,0.995,66.81,48.41,0.0,-18.41,观察,42830,0.17
新销量广告系列-0923-背心2-1-新,5,5,147.91,197.1,49.19,5,1.632,0.986,60.12,41.55,0.0,-18.57,观察,42830,0.17
新销量广告系列-0923-背心2-1-新 - 广告副本,1,1,9.17,0.0,-9.17,0,1.216,0.458,14.61,9.36,0.0,-5.26,观察,1723329,0.128
新销量广告系列-0923-背心2-1-新 - 广告副本,2,2,17.83,38.2,20.38,1,1.217,0.446,10.56,5.8,0.0,-4.77,观察,1723329,0.128
新销量广告系列-0923-背心2-1-新 - 广告副本,3,3,26.96,38.2,11.25,1,1.218,0.449,10.81,6.07,0.0,-4.74,观察,1723329,0.128
新销量广告系列-0923-背心2-1-新 - 广告副本,4,4,35.71,68.24,32.53,2,1.218,0.446,12.58,7.67,0.0,-4.91,观察,1723329,0.128
新销量广告系列-0923-背心2-1-新 - 广告副本,5,5,44.59,68.24,23.65,2,1.219,0.446,11.9,7.1,0.0,-4.8,观察,1723329,0.128
新流量广告系列-0923-背心3-1-新,1,1,19.83,0.0,-19.83,0,1.226,0.991,18.72,22.62,0.0,3.9,加预算,2125374,-0.025
新流量广告系列-0923-背心3-1-新,2,2,39.33,37.16,-2.17,1,1.227,0.983,18.78,22.4,0.0,3.62,加预算,2125374,-0.025
新流量广告系列-0923-背心3-1-新,3,3,59.46,67.91,8.45,2,1.228,0.991,18.91,22.48,0.0,3.58,加预算,2125374,-0.025
新流量广告系列-0923-背心3-1-新,4,4,79.86,105.57,25.7,3,1.229,0.998,14.31,17.42,0.0,3.11,加预算,2125374,-0.025
新流量广告系列-0923-背心3-1-新,5,5,99.5,143.03,43.53,4,1.23,0.995,9.46,11.83,0.0,2.37,加预算,2125374,-0.025
新互动广告系列-0923-围巾1-1-新,1,1,29.64,35.78,6.14,1,1.118,0.988,-52.51,-74.35,0.0,-21.84,暂停,40490,0.266
新互动广告系列-0923-围巾1-1-新,2,2,58.25,35.78,-22.47,1,1.194,0.971,-52.95,-75.23,0.0,-22.28,暂停,40490,0.266
新互动广告系列-0923-围巾1-1-新,3,3,87.84,66.55,-21.29,2,1.273,0.976,-52.09,-74.39,0.0,-22.29,暂停,40490,0.266
新互动广告系列-0923-围巾1-1-新,4,4,117.72,66.55,-51.16,2,1.36,0.981,-53.89,-75.19,0.0,-21.3,暂停,40490,0.266
新互动广告系列-0923-围巾1-1-新,5,5,147.89,66.55,-81.34,2,1.452,0.986,-55.58,-76.49,0.0,-20.92,暂停,40490,0.266
新销量广告系列-0923-围巾1-1-新 - 广告副本,1,1,25.79,34.54,8.75,1,1.225,0.516,126.4,89.27,0.0,-37.13,观察,41484,0.188
新销量广告系列-0923-围巾1-1-新 - 广告副本,2,2,48.73,80.89,32.16,2,1.287,0.487,107.2,73.79,0.0,-33.41,观察,41484,0.188
新销量广告系列-0923-围巾1-1-新 - 广告副本,3,3,71.85,80.89,9.04,2,1.348,0.479,100.65,68.21,0.0,-32.44,观察,41484,0.188
新销量广告系列-0923-围巾1-1-新 - 广告副本,4,4,96.47,116.18,19.71,3,1.418,0.482,110.25,75.83,0.0,-34.42,观察,41484,0.188
新销量广告系列-0923-围巾1-1-新 - 广告副本,5,5,118.86,151.89,33.03,4,1.488,0.475,120.86,84.08,0.0,-36.78,观察,41484,0.188
新销量广告系列-0923-围巾2-1-新,1,1,22.8,29.82,7.02,1,1.231,0.912,36.78,13.89,0.0,-22.88,观察,29334,0.229
新销量广告系列-0923-围巾2-1-新,2,2,47.18,58.18,10.99,2,1.327,0.944,36.69,13.07,0.0,-23.62,观察,29334,0.229
新销量广告系列-0923-围巾2-1-新,3,3,71.94,58.18,-13.76,2,1.431,0.959,38.14,14.13,0.0,-24.02,观察,29334,0.229
新销量广告系列-0923-围巾2-1-新,4,4,96.09,92.15,-3.94,3,1.541,0.961,28.94,4.89,0.0,-24.05,观察,29334,0.229
新销量广告系列-0923-围巾2-1-新,5,5,122.04,127.95,5.92,4,1.668,0.976,17.66,-5.2,0.0,-22.86,观察,29334,0.229
新销量广告系列-0923-围巾2-1-新 - 广告副本,1,1,17.72,39.91,22.19,1,1.266,0.886,5.49,2.49,0.0,-2.99,观察,374485,0.051
新销量广告系列-0923-围巾2-1-新 - 广告副本,2,2,34.86,39.91,5.05,1,1.271,0.871,5.79,2.75,0.0,-3.04,观察,374485,0.051
新销量广告系列-0923-围巾2-1-新 - 广告副本,3,3,52.8,39.91,-12.89,1,1.276,0.88,4.63,1.63,0.0,-3.0,观察,374485,0.051
新销量广告系列-0923-围巾2-1-新 - 广告副本,4,4,70.7,39.91,-30.79,1,1.281,0.884,5.77,2.67,0.0,-3.1,观察,374485,0.051
新销量广告系列-0923-围巾2-1-新 - 广告副本,5,5,88.45,39.91,-48.54,1,1.286,0.885,7.37,4.13,0.0,-3.24,观察,374485,0.051
新销量广告系列-0923-围巾3-1-新,1,1,40.98,73.7,32.71,2,1.217,1.025,233.4,285.39,0.0,51.99,加预算,613169,-0.013
新销量广告系列-0923-围巾3-1-新,2,2,79.29,165.13,85.84,4,1.223,0.991,242.8,296.84,0.0,54.04,加预算,613169,-0.013
新销量广告系列-0923-围巾3-1-新,3,3,121.05,262.73,141.68,6,1.23,1.009,228.21,279.07,0.0,50.87,加预算,613169,-0.013
新销量广告系列-0923-围巾3-1-新,4,4,161.9,354.88,192.97,8,1.236,1.012,235.37,287.76,0.0,52.39,加预算,613169,-0.013
新销量广告系列-0923-围巾3-1-新,5,5,201.65,444.53,242.88,10,1.243,1.008,236.03,288.6,0.0,52.57,加预算,613169,-0.013
新销量广告系列-0923-手表1-1-新,1,1,30.12,0.0,-30.12,0,1.125,1.004,1.19,-37.96,0.0,-39.15,观察,13265,0.36
新销量广告系列-0923-手表1-1-新,2,2,61.99,178.44,116.44,1,1.277,1.033,0.7,-37.67,0.0,-38.37,观察,13265,0.36
新销量广告系列-0923-手表1-1-新,3,3,91.21,178.44,87.22,1,1.439,1.013,-7.68,-43.86,0.0,-36.18,暂停,13265,0.36
新销量广告系列-0923-手表1-1-新,4,4,120.27,380.21,259.94,2,1.613,1.002,-19.48,-53.79,0.0,-34.3,暂停,13265,0.36
新销量广告系列-0923-手表1-1-新,5,5,151.05,380.21,229.16,2,1.826,1.007,-19.89,-54.56,0.0,-34.67,暂停,13265,0.36
新销量广告系列-0923-手表1-1-新 - 广告副本,1,1,21.94,0.0,-21.94,0,1.051,1.097,151.7,169.32,0.0,17.61,加预算,136926,0.05
新销量广告系列-0923-手表1-1-新 - 广告副本,2,2,42.64,0.0,-42.64,0,1.058,1.066,146.75,163.74,0.0,16.98,加预算,136926,0.05
新销量广告系列-0923-手表1-1-新 - 广告副本,3,3,61.78,195.06,133.28,1,1.066,1.03,116.67,129.45,0.0,12.78,加预算,136926,0.05
新销量广告系列-0923-手表1-1-新 - 广告副本,4,4,81.29,195.06,113.76,1,1.074,1.016,125.62,139.62,0.0,13.99,加预算,136926,0.05
新销量广告系列-0923-手表1-1-新 - 广告副本,5,5,100.92,195.06,94.14,1,1.082,1.009,128.6,142.94,0.0,14.34,加预算,136926,0.05
新销量广告系列-0923-手表2-1-新,1,1,19.97,0.0,-19.97,0,1.172,0.998,-1.04,-2.75,0.0,-1.71,观察,98569,0.021
新销量广告系列-0923-手表2-1-新,2,2,40.29,0.0,-40.29,0,1.184,1.007,3.31,2.39,0.0,-0.92,观察,98569,0.021
新销量广告系列-0923-手表2-1-新,3,3,60.11,0.0,-60.11,0,1.196,1.002,2.32,1.23,0.0,-1.09,观察,98569,0.021
新销量广告系列-0923-手表2-1-新,4,4,80.61,0.0,-80.61,0,1.209,1.008,-1.25,-2.95,0.0,-1.7,观察,98569,0.021
新销量广告系列-0923-手表2-1-新,5,5,99.99,0.0,-99.99,0,1.221,1.0,-2.26,-4.13,0.0,-1.88,观察,98569,0.021
新互动广告系列-0923-手表2-1-新 - 广告副本,1,1,30.85,0.0,-30.85,0,1.106,1.028,-74.29,-87.84,0.0,-13.56,暂停,321634,-0.077
新互动广告系列-0923-手表2-1-新 - 广告副本,2,2,60.25,0.0,-60.25,0,1.111,1.004,-75.47,-89.21,0.0,-13.74,暂停,321634,-0.077
新互动广告系列-0923-手表2-1-新 - 广告副本,3,3,90.05,0.0,-90.05,0,1.116,1.001,-73.21,-86.53,0.0,-13.32,暂停,321634,-0.077
新互动广告系列-0923-手表2-1-新 - 广告副本,4,4,119.19,0.0,-119.19,0,1.121,0.993,-73.16,-86.35,0.0,-13.19,暂停,321634,-0.077
新互动广告系列-0923-手表2-1-新 - 广告副本,5,5,150.36,0.0,-150.36,0,1.126,1.002,-72.08,-85.04,0.0,-12.96,暂停,321634,-0.077
新销量广告系列-0923-手表3-1-新,1,1,31.26,0.0,-31.26,0,1.03,1.042,89.7,104.86,0.0,15.16,加预算,658353,0.013
新销量广告系列-0923-手表3-1-新,2,2,60.45,0.0,-60.45,0,1.033,1.008,90.76,104.32,0.0,13.56,加预算,658353,0.013
新销量广告系列-0923-手表3-1-新,3,3,89.14,184.75,95.6,1,1.035,0.99,92.6,106.5,0.0,13.9,加预算,658353,0.013
新销量广告系列-0923-手表3-1-新,4,4,117.19,184.75,67.56,1,1.037,0.977,93.3,107.31,0.0,14.01,加预算,658353,0.013
新销量广告系列-0923-手表3-1-新,5,5,147.52,373.91,226.4,2,1.04,0.983,103.27,119.11,0.0,15.84,加预算,658353,0.013
