广告,品类,目标,预算,预算类型,正确动作,判定依据,前5天净,总花费,总收入,总购买,_受众池,_机制q,_机制疲劳,_交付比,_放量掉转化alpha,_频次5,_顶格率5,_饱和5,_覆盖首日,_覆盖末日,不动_花费,不动_收入,不动_净,加预算_花费,加预算_收入,加预算_净,差额
新销量广告系列-0923-短袖T恤1-1-新,短袖T恤,OUTCOME_SALES,10,使用广告组预算,观察,未来无净增,101.5,34.99,136.49,2,32611,1.293,0.0094,0.705,0.006,1.28,0.7,0.14,470,475,35.71,106.62,70.91,35.71,105.99,70.28,-0.63
新销量广告系列-0923-短袖T恤1-1-新 - 广告副本,短袖T恤,OUTCOME_SALES,30,使用广告组预算,加预算,未来净增,87.84,50.65,138.49,3,62879,1.09,0.0032,0.33,-0.026,1.289,0.338,0.097,655,587,49.76,83.02,33.26,49.76,85.18,35.42,2.16
新销量广告系列-0923-短袖T恤2-1-新,短袖T恤,OUTCOME_SALES,25,使用广告组预算,观察,未来无净增,-2.61,127.69,125.08,2,180183,0.697,0.0247,1.235,0.001,1.218,1.021,0.092,1878,1560,125.94,123.89,-2.06,151.13,148.49,-2.65,-0.59
新流量广告系列-0923-短袖T恤2-1-新 - 广告副本,短袖T恤,OUTCOME_TRAFFIC,25,使用广告组预算,暂停,可见亏损,-77.63,127.04,49.4,1,57014,1.883,0.0245,1.116,0.168,1.273,1.016,0.277,1940,1510,125.61,112.46,-13.15,137.52,102.17,-35.35,-22.2
新互动广告系列-0923-短袖T恤3-1-新,短袖T恤,OUTCOME_ENGAGEMENT,25,使用广告组预算,暂停,可见亏损,-86.04,129.64,43.6,1,715967,1.033,0.0191,1.594,-0.108,1.112,1.037,0.027,1905,1942,122.25,61.05,-61.2,146.7,81.2,-65.5,-4.3
新销量广告系列-0923-卫衣1-1-新,卫衣,OUTCOME_SALES,25,使用广告组预算,观察,未来无净增,115.67,61.36,177.03,2,32734,0.744,0.0137,0.496,0.011,1.214,0.491,0.218,795,714,61.31,95.29,33.99,61.31,94.25,32.95,-1.04
新销量广告系列-0923-卫衣1-1-新 - 广告副本,卫衣,OUTCOME_SALES,30,使用广告组预算,加预算,未来净增,197.03,146.53,343.55,3,403745,2.165,0.0188,1.272,0.068,1.076,0.977,0.05,2232,1968,152.17,781.6,629.44,182.6,873.85,691.25,61.81
新销量广告系列-0923-卫衣2-1-新,卫衣,OUTCOME_SALES,40,使用广告组预算,观察,未来无净增,11.22,199.23,210.45,3,55217,0.836,0.0096,1.634,0.241,1.533,0.996,0.379,2560,2117,199.92,221.1,21.18,239.9,201.37,-38.54,-59.72
新互动广告系列-0923-卫衣2-1-新 - 广告副本,卫衣,OUTCOME_ENGAGEMENT,10,使用广告组预算,暂停,可见亏损,-49.22,49.22,0.0,0,37474,0.548,0.0007,1.304,0.099,1.298,0.984,0.147,640,559,50.87,15.11,-35.76,61.05,16.35,-44.7,-8.94
新销量广告系列-0923-卫衣3-1-新,卫衣,OUTCOME_SALES,15,使用广告组预算,暂停,可见亏损,-37.61,37.61,0.0,0,55744,0.682,0.0008,0.499,0.051,1.212,0.501,0.079,470,442,37.6,48.53,10.93,37.6,46.07,8.47,-2.46
新互动广告系列-0923-长裤1-1-新,长裤,OUTCOME_ENGAGEMENT,20,使用广告组预算,暂停,可见亏损,-35.14,99.01,63.86,1,1527491,1.277,0.0077,1.229,0.017,1.244,0.99,0.008,1157,1172,97.96,66.73,-31.22,116.57,77.98,-38.59,-7.37
新销量广告系列-0923-长裤1-1-新 - 广告副本,长裤,OUTCOME_SALES,30,使用广告组预算,加预算,未来净增,399.67,152.32,551.99,5,937813,1.342,0.008,1.303,-0.005,1.064,1.015,0.022,2166,2092,148.72,494.54,345.82,177.47,593.22,415.75,69.93
新互动广告系列-0923-长裤2-1-新,长裤,OUTCOME_ENGAGEMENT,20,使用广告系列预算,暂停,可见亏损,-36.51,99.88,63.37,1,3414969,1.763,0.0097,1.43,-0.032,1.15,0.999,0.004,1365,1303,98.75,121.81,23.05,118.51,150.78,32.27,9.22
新销量广告系列-0923-长裤2-1-新 - 广告副本,长裤,OUTCOME_SALES,20,使用广告组预算,观察,未来无净增,63.65,98.4,162.05,3,39855,1.409,0.0151,1.456,0.106,1.224,0.984,0.335,1618,1479,103.18,139.24,36.06,123.82,149.32,25.5,-10.56
新销量广告系列-0923-长裤3-1-新,长裤,OUTCOME_SALES,50,使用广告组预算,加预算,未来净增,246.11,245.67,491.78,7,123081,1.33,0.0041,1.455,0.04,1.171,0.983,0.253,3789,3113,248.08,433.75,185.67,297.7,499.47,201.77,16.1
新销量广告系列-0923-帽子1-1-新,帽子,OUTCOME_SALES,40,使用广告系列预算,观察,未来无净增,388.78,196.07,584.86,12,58940,2.21,0.0243,1.173,0.212,1.555,0.98,0.43,3270,2886,200.53,889.58,689.05,230.27,806.13,575.87,-113.18
新销量广告系列-0923-帽子1-1-新 - 广告副本,帽子,OUTCOME_SALES,25,使用广告组预算,加预算,未来净增,182.29,122.72,305.0,9,307951,1.849,0.0027,1.601,0.031,1.132,0.982,0.073,2423,2451,121.04,388.52,267.48,145.24,451.62,306.38,38.89
新销量广告系列-0923-帽子2-1-新,帽子,OUTCOME_SALES,25,使用广告组预算,加预算,未来净增,83.75,122.63,206.38,5,1429120,1.794,0.0076,1.136,0.009,1.222,0.981,0.012,1954,1791,120.91,284.74,163.83,138.28,322.94,184.66,20.84
新销量广告系列-0923-帽子2-1-新 - 广告副本,帽子,OUTCOME_SALES,40,使用广告组预算,加预算,未来净增,190.97,152.24,343.22,9,1848712,1.676,0.0101,0.765,-0.037,1.223,0.761,0.014,2365,2504,154.4,446.94,292.54,154.4,463.26,308.86,16.32
新互动广告系列-0923-帽子3-1-新,帽子,OUTCOME_ENGAGEMENT,50,使用广告组预算,加预算,未来净增,65.71,248.58,314.29,10,929237,1.425,0.0126,1.181,-0.026,1.297,0.994,0.043,3999,4329,244.6,267.5,22.9,287.0,321.54,34.54,11.64
新销量广告系列-0923-连衣裙1-1-新,连衣裙,OUTCOME_SALES,25,使用广告系列预算,加预算,未来净增,73.66,121.34,195.0,2,1138201,1.426,0.0096,1.514,-0.014,1.149,0.971,0.012,1473,1383,123.67,233.06,109.39,148.4,283.62,135.22,25.83
新销量广告系列-0923-连衣裙1-1-新 - 广告副本,连衣裙,OUTCOME_SALES,25,使用广告系列预算,加预算,未来净增,311.99,123.59,435.58,5,1012370,0.878,0.0104,1.381,0.016,1.137,0.989,0.013,1305,1246,125.49,321.67,196.18,150.59,379.9,229.32,33.13
新销量广告系列-0923-连衣裙2-1-新,连衣裙,OUTCOME_SALES,15,使用广告组预算,加预算,未来净增,144.95,73.0,217.95,2,124849,0.696,0.0056,1.354,0.022,1.314,0.973,0.057,805,676,76.12,146.17,70.05,91.34,171.52,80.18,10.13
新互动广告系列-0923-连衣裙2-1-新 - 广告副本,连衣裙,OUTCOME_ENGAGEMENT,30,使用广告系列预算,观察,未来无净增,29.94,148.33,178.27,2,198028,1.059,0.0188,1.555,0.041,1.296,0.989,0.088,1725,1886,151.22,144.35,-6.87,181.46,166.1,-15.36,-8.49
新销量广告系列-0923-连衣裙3-1-新,连衣裙,OUTCOME_SALES,25,使用广告组预算,加预算,未来净增,417.5,91.8,509.3,5,1597776,1.336,0.0097,0.746,-0.052,1.137,0.734,0.007,1234,922,94.88,287.41,192.53,94.88,302.46,207.57,15.04
新销量广告系列-0923-夹克1-1-新,夹克,OUTCOME_SALES,25,使用广告系列预算,加预算,未来净增,390.47,95.51,485.97,3,1090785,0.873,0.0133,0.752,-0.12,1.189,0.764,0.009,1009,1004,94.3,216.65,122.35,94.3,242.65,148.35,26.0
新销量广告系列-0923-夹克1-1-新 - 广告副本,夹克,OUTCOME_SALES,20,使用广告组预算,加预算,未来净增,29.47,99.87,129.34,1,728366,3.327,0.0191,1.465,0.019,1.084,0.999,0.017,1330,1111,102.29,486.53,384.24,122.75,573.04,450.29,66.04
新销量广告系列-0923-夹克2-1-新,夹克,OUTCOME_SALES,25,使用广告组预算,暂停,可见亏损,-32.42,102.56,70.13,1,1664997,1.028,0.0052,0.795,-0.009,1.219,0.82,0.007,999,1187,99.2,142.8,43.6,99.2,144.14,44.94,1.34
新互动广告系列-0923-夹克2-1-新 - 广告副本,夹克,OUTCOME_ENGAGEMENT,20,使用广告系列预算,暂停,可见亏损,-99.45,99.45,0.0,0,789629,1.272,0.01,1.146,-0.013,1.198,0.994,0.015,1290,1124,100.1,62.03,-38.08,113.06,70.91,-42.15,-4.07
新销量广告系列-0923-夹克3-1-新,夹克,OUTCOME_SALES,25,使用广告系列预算,加预算,未来净增,267.37,123.49,390.86,3,1563439,2.5,0.0047,1.06,0.026,1.174,0.988,0.01,1516,1723,124.83,416.25,291.42,136.01,441.29,305.29,13.87
新互动广告系列-0923-衬衫1-1-新,衬衫,OUTCOME_ENGAGEMENT,50,使用广告组预算,暂停,可见亏损,-135.91,247.8,111.89,2,904878,1.084,0.0114,1.224,-0.047,1.205,0.991,0.038,3372,3293,256.55,72.99,-183.57,303.87,90.48,-213.4,-29.83
新销量广告系列-0923-衬衫1-1-新 - 广告副本,衬衫,OUTCOME_SALES,15,使用广告组预算,加预算,未来净增,100.04,74.59,174.63,2,121080,1.986,0.0242,1.2,-0.013,1.09,0.995,0.094,1173,1062,74.48,208.57,134.09,89.12,252.72,163.6,29.51
新互动广告系列-0923-衬衫2-1-新,衬衫,OUTCOME_ENGAGEMENT,30,使用广告组预算,观察,未来无净增,84.07,149.71,233.78,4,982123,1.361,0.0225,1.59,-0.029,1.265,0.998,0.019,1707,1853,152.17,130.8,-21.37,182.6,161.53,-21.07,0.3
新销量广告系列-0923-衬衫2-1-新 - 广告副本,衬衫,OUTCOME_SALES,30,使用广告组预算,观察,未来无净增,41.02,150.14,191.16,3,702541,1.117,0.0197,1.626,0.036,1.136,1.001,0.031,2251,2013,149.71,196.16,46.44,179.66,226.89,47.23,0.79
新销量广告系列-0923-衬衫3-1-新,衬衫,OUTCOME_SALES,25,使用广告系列预算,加预算,未来净增,219.02,126.68,345.7,5,1333919,2.095,0.0126,1.64,-0.017,1.255,1.013,0.012,1688,1699,123.48,344.71,221.23,148.18,420.72,272.53,51.31
新销量广告系列-0923-短裤1-1-新,短裤,OUTCOME_SALES,25,使用广告组预算,加预算,未来净增,97.57,122.91,220.48,4,579718,1.87,0.0052,1.501,-0.014,1.07,0.983,0.036,2047,2055,126.89,356.04,229.15,152.26,433.01,280.75,51.6
新流量广告系列-0923-短裤1-1-新 - 广告副本,短裤,OUTCOME_TRAFFIC,30,使用广告组预算,暂停,可见亏损,-52.73,52.73,0.0,0,2192002,0.688,0.0018,0.339,-0.021,1.202,0.352,0.004,824,833,53.41,16.61,-36.8,53.41,16.95,-36.45,0.35
新销量广告系列-0923-短裤2-1-新,短裤,OUTCOME_SALES,10,使用广告组预算,加预算,未来净增,105.31,39.71,145.03,3,722065,2.602,0.0188,0.795,-0.043,1.112,0.794,0.008,517,576,40.3,259.47,219.17,40.3,270.57,230.27,11.1
新销量广告系列-0923-短裤2-1-新 - 广告副本,短裤,OUTCOME_SALES,30,使用广告组预算,观察,未来无净增,104.41,150.49,254.89,6,676019,0.84,0.0037,1.322,0.104,1.052,1.003,0.036,2331,2405,150.63,229.37,78.73,180.76,246.73,65.97,-12.76
新互动广告系列-0923-短裤3-1-新,短裤,OUTCOME_ENGAGEMENT,50,使用广告系列预算,暂停,可见亏损,-139.52,243.52,104.0,2,254005,0.898,0.0172,1.486,0.037,1.237,0.974,0.14,3583,3545,251.3,124.91,-126.39,301.56,144.29,-157.27,-30.88
新销量广告系列-0923-鞋1-1-新,鞋,OUTCOME_SALES,15,使用广告系列预算,加预算,未来净增,20.3,75.64,95.94,1,312082,1.518,0.0094,1.096,0.017,1.17,1.009,0.024,813,791,72.73,157.29,84.56,82.08,174.71,92.63,8.07
新销量广告系列-0923-鞋1-1-新 - 广告副本,鞋,OUTCOME_SALES,10,使用广告组预算,观察,未来无净增,96.53,32.34,128.87,1,2009718,0.831,0.0171,0.648,0.01,1.093,0.647,0.002,400,324,32.34,45.42,13.08,32.34,44.97,12.63,-0.45
新销量广告系列-0923-鞋2-1-新,鞋,OUTCOME_SALES,30,使用广告系列预算,暂停,可见亏损,-30.73,145.6,114.88,1,638363,1.561,0.002,1.639,-0.007,1.127,0.971,0.023,1485,1299,150.8,276.63,125.82,180.97,334.35,153.39,27.56
新销量广告系列-0923-鞋2-1-新 - 广告副本,鞋,OUTCOME_SALES,25,使用广告组预算,暂停,可见亏损,-26.95,124.21,97.26,1,37461,1.28,0.0047,1.127,0.155,1.261,0.994,0.324,1440,1257,124.63,210.21,85.58,145.23,207.15,61.92,-23.66
新销量广告系列-0923-鞋3-1-新,鞋,OUTCOME_SALES,20,使用广告组预算,观察,未来无净增,128.91,60.48,189.39,2,1427148,0.918,0.0243,0.605,-0.007,1.196,0.605,0.004,621,661,60.66,88.36,27.7,60.66,88.96,28.3,0.6
新销量广告系列-0923-袜子1-1-新,袜子,OUTCOME_SALES,20,使用广告组预算,观察,未来无净增,102.15,46.46,148.62,5,52463,2.193,0.0099,0.469,0.121,1.137,0.465,0.173,901,832,47.41,290.55,243.15,47.41,255.45,208.05,-35.1
新销量广告系列-0923-袜子1-1-新 - 广告副本,袜子,OUTCOME_SALES,25,使用广告系列预算,加预算,未来净增,279.64,120.88,400.53,15,440948,1.466,0.0137,1.48,-0.112,1.106,0.967,0.058,2535,2461,123.18,503.1,379.91,147.82,671.57,523.75,143.84
新互动广告系列-0923-袜子2-1-新,袜子,OUTCOME_ENGAGEMENT,10,使用广告组预算,暂停,可见亏损,-23.81,50.47,26.66,1,511919,0.692,0.0039,1.624,-0.055,1.209,1.009,0.02,1099,940,51.03,29.24,-21.79,61.24,37.02,-24.21,-2.42
新销量广告系列-0923-袜子2-1-新 - 广告副本,袜子,OUTCOME_SALES,15,使用广告系列预算,观察,未来无净增,64.29,50.69,114.98,4,2749683,1.807,0.0132,0.658,0.106,1.171,0.676,0.003,1003,1002,49.28,139.37,90.09,49.28,124.59,75.31,-14.78
新流量广告系列-0923-袜子3-1-新,袜子,OUTCOME_TRAFFIC,15,使用广告系列预算,观察,未来无净增,69.03,59.14,128.17,4,1621087,1.781,0.0179,0.842,0.046,1.233,0.789,0.008,1227,1111,65.02,136.92,71.9,65.02,130.66,65.64,-6.26
新流量广告系列-0923-内衣1-1-新,内衣,OUTCOME_TRAFFIC,20,使用广告系列预算,暂停,可见亏损,-6.79,100.52,93.73,2,996722,2.352,0.0134,1.249,-0.006,1.049,1.005,0.015,1752,1651,99.34,120.0,20.67,119.21,144.82,25.61,4.95
新销量广告系列-0923-内衣1-1-新 - 广告副本,内衣,OUTCOME_SALES,10,使用广告组预算,暂停,可见亏损,-49.36,49.36,0.0,0,937224,2.021,0.0126,1.63,0.05,1.12,0.987,0.008,762,690,51.16,165.36,114.2,61.4,188.52,127.12,12.92
新互动广告系列-0923-内衣2-1-新,内衣,OUTCOME_ENGAGEMENT,20,使用广告组预算,暂停,可见亏损,-31.43,99.47,68.04,1,1759716,0.75,0.019,1.053,-0.026,1.044,0.995,0.009,1496,1981,97.35,23.1,-74.24,106.81,25.86,-80.95,-6.71
新销量广告系列-0923-内衣2-1-新 - 广告副本,内衣,OUTCOME_SALES,15,使用广告系列预算,观察,未来无净增,8.92,47.26,56.18,1,2073759,1.999,0.0126,0.619,0.051,1.113,0.63,0.003,841,759,44.83,111.21,66.38,44.83,105.56,60.73,-5.65
新互动广告系列-0923-内衣3-1-新,内衣,OUTCOME_ENGAGEMENT,25,使用广告组预算,暂停,可见亏损,-122.81,122.81,0.0,0,419091,1.157,0.0149,1.169,-0.05,1.132,0.983,0.041,1659,1833,124.61,123.0,-1.61,142.21,147.95,5.73,7.34
新销量广告系列-0923-毛衣1-1-新,毛衣,OUTCOME_SALES,10,使用广告组预算,暂停,可见亏损,-51.08,51.08,0.0,0,572148,3.159,0.0011,1.607,-0.074,1.265,1.022,0.009,536,511,51.12,208.46,157.33,61.35,268.65,207.3,49.97
新销量广告系列-0923-毛衣1-1-新 - 广告副本,毛衣,OUTCOME_SALES,20,使用广告组预算,加预算,未来净增,124.83,33.38,158.21,2,2361970,0.952,0.0002,0.321,-0.071,1.252,0.334,0.002,342,407,32.04,38.86,6.82,32.04,41.64,9.59,2.77
新互动广告系列-0923-毛衣2-1-新,毛衣,OUTCOME_ENGAGEMENT,25,使用广告系列预算,暂停,可见亏损,-59.89,59.89,0.0,0,62444,1.774,0.0205,0.493,0.064,1.126,0.479,0.117,835,755,61.27,47.94,-13.33,61.27,44.88,-16.39,-3.05
新销量广告系列-0923-毛衣2-1-新 - 广告副本,毛衣,OUTCOME_SALES,50,使用广告系列预算,观察,未来无净增,145.22,203.09,348.32,4,721333,2.626,0.005,0.819,0.023,1.043,0.812,0.035,2657,2703,200.49,810.94,610.45,200.49,792.24,591.75,-18.7
新销量广告系列-0923-毛衣3-1-新,毛衣,OUTCOME_SALES,30,使用广告系列预算,加预算,未来净增,32.31,150.09,182.39,2,1203507,0.997,0.0061,1.52,-0.002,1.104,1.001,0.016,1997,1917,147.18,181.71,34.53,176.62,218.44,41.82,7.29
新销量广告系列-0923-羽绒服1-1-新,羽绒服,OUTCOME_SALES,30,使用广告组预算,暂停,可见亏损,-73.5,73.5,0.0,0,968147,0.723,0.0023,0.495,0.004,1.089,0.49,0.009,1013,744,73.53,55.54,-18.0,73.53,55.3,-18.23,-0.24
新流量广告系列-0923-羽绒服1-1-新 - 广告副本,羽绒服,OUTCOME_TRAFFIC,20,使用广告组预算,观察,未来无净增,73.93,83.45,157.38,1,672007,1.844,0.005,0.836,0.018,1.086,0.834,0.013,931,743,85.2,113.12,27.92,85.2,111.12,25.92,-2.0
新销量广告系列-0923-羽绒服2-1-新,羽绒服,OUTCOME_SALES,40,使用广告系列预算,观察,未来无净增,202.35,193.87,396.22,2,638606,0.809,0.0065,1.294,0.023,1.175,0.969,0.028,1889,1775,198.93,188.75,-10.18,238.55,221.15,-17.4,-7.22
新销量广告系列-0923-羽绒服2-1-新 - 广告副本,羽绒服,OUTCOME_SALES,25,使用广告组预算,暂停,可见亏损,-123.13,123.13,0.0,0,1031237,1.232,0.0214,1.26,0.084,1.116,0.985,0.013,1196,1256,126.47,221.19,94.72,146.32,233.81,87.48,-7.24
新流量广告系列-0923-羽绒服3-1-新,羽绒服,OUTCOME_TRAFFIC,20,使用广告系列预算,暂停,可见亏损,-98.33,98.33,0.0,0,56376,0.638,0.0218,1.546,0.168,1.336,0.983,0.145,960,738,100.65,31.06,-69.59,120.78,31.01,-89.77,-20.18
新流量广告系列-0923-西装1-1-新,西装,OUTCOME_TRAFFIC,50,使用广告系列预算,暂停,可见亏损,-253.18,253.18,0.0,0,987206,1.278,0.022,1.463,0.086,1.118,1.013,0.026,2531,2447,254.3,80.31,-174.0,305.16,88.05,-217.11,-43.11
新互动广告系列-0923-西装1-1-新 - 广告副本,西装,OUTCOME_ENGAGEMENT,50,使用广告系列预算,观察,未来无净增,2.94,177.22,180.16,1,3964773,3.289,0.0122,0.728,0.014,1.104,0.709,0.005,2258,1929,184.05,321.16,137.11,184.05,316.68,132.63,-4.48
新销量广告系列-0923-西装2-1-新,西装,OUTCOME_SALES,20,使用广告组预算,加预算,未来净增,231.58,102.25,333.83,2,1360253,1.812,0.0022,1.093,-0.098,1.183,1.022,0.006,845,885,99.47,93.04,-6.43,113.55,116.66,3.11,9.54
新销量广告系列-0923-西装2-1-新 - 广告副本,西装,OUTCOME_SALES,20,使用广告组预算,加预算,未来净增,37.88,99.46,137.35,1,1169634,2.621,0.0113,1.251,-0.073,1.183,0.995,0.008,950,939,99.7,183.34,83.65,119.09,234.76,115.66,32.02
新销量广告系列-0923-西装3-1-新,西装,OUTCOME_SALES,30,使用广告系列预算,加预算,未来净增,122.21,149.55,271.77,2,1416754,1.001,0.0237,1.539,-0.12,1.184,0.997,0.01,1212,1508,150.94,95.4,-55.54,181.13,128.22,-52.91,2.63
新销量广告系列-0923-风衣1-1-新,风衣,OUTCOME_SALES,50,使用广告组预算,暂停,可见亏损,-251.3,251.3,0.0,0,121558,1.209,0.0183,1.296,0.173,1.194,1.005,0.216,3483,2599,247.52,205.67,-41.86,297.03,204.17,-92.86,-51.0
新销量广告系列-0923-风衣1-1-新 - 广告副本,风衣,OUTCOME_SALES,30,使用广告组预算,加预算,未来净增,7.75,126.25,134.01,1,340414,0.947,0.0249,0.855,-0.025,1.233,0.842,0.036,1376,1190,129.77,128.59,-1.18,129.77,131.85,2.08,3.26
新销量广告系列-0923-风衣2-1-新,风衣,OUTCOME_SALES,10,使用广告组预算,暂停,可见亏损,-25.36,25.36,0.0,0,536171,1.224,0.0158,0.492,-0.048,1.076,0.507,0.005,287,287,24.75,39.41,14.66,24.75,41.28,16.53,1.88
新互动广告系列-0923-风衣2-1-新 - 广告副本,风衣,OUTCOME_ENGAGEMENT,20,使用广告组预算,暂停,可见亏损,-97.34,97.34,0.0,0,69888,1.527,0.0228,1.334,0.168,1.174,0.973,0.16,1278,1108,97.15,34.62,-62.53,116.58,34.57,-82.02,-19.48
新销量广告系列-0923-风衣3-1-新,风衣,OUTCOME_SALES,20,使用广告组预算,暂停,可见亏损,-98.51,98.51,0.0,0,967623,1.194,0.0185,1.081,-0.12,1.234,0.985,0.01,1019,1072,99.63,123.25,23.62,109.55,151.84,42.29,18.66
新销量广告系列-0923-半身裙1-1-新,半身裙,OUTCOME_SALES,25,使用广告组预算,加预算,未来净增,64.94,127.53,192.47,3,265896,1.881,0.0159,1.274,0.025,1.182,1.02,0.056,1834,1621,125.14,228.92,103.79,150.16,267.79,117.63,13.84
新销量广告系列-0923-半身裙1-1-新 - 广告副本,半身裙,OUTCOME_SALES,40,使用广告系列预算,观察,未来无净增,332.8,201.22,534.02,6,98241,1.193,0.0194,1.533,0.146,1.264,1.006,0.253,2860,2499,199.87,440.06,240.19,239.85,450.94,211.09,-29.1
新流量广告系列-0923-半身裙2-1-新,半身裙,OUTCOME_TRAFFIC,20,使用广告系列预算,加预算,未来净增,55.17,98.42,153.59,2,655049,0.959,0.0049,1.416,-0.011,1.169,0.984,0.021,1409,1295,99.08,112.27,13.19,118.9,136.2,17.31,4.12
新销量广告系列-0923-半身裙2-1-新 - 广告副本,半身裙,OUTCOME_SALES,20,使用广告组预算,观察,未来无净增,25.92,99.3,125.23,2,49152,0.853,0.0082,1.109,0.132,1.283,0.993,0.244,1435,1187,100.57,113.67,13.1,110.81,108.77,-2.04,-15.14
新销量广告系列-0923-半身裙3-1-新,半身裙,OUTCOME_SALES,50,使用广告组预算,观察,未来无净增,247.65,252.59,500.24,7,299576,0.873,0.0152,1.208,0.089,1.176,1.01,0.119,3864,3641,251.79,394.48,142.69,294.61,421.1,126.49,-16.2
新销量广告系列-0923-运动裤1-1-新,运动裤,OUTCOME_SALES,20,使用广告系列预算,加预算,未来净增,107.68,44.56,152.24,2,829590,0.874,0.0203,0.458,-0.096,1.298,0.446,0.006,528,515,43.72,57.98,14.25,43.72,63.54,19.82,5.57
新互动广告系列-0923-运动裤1-1-新 - 广告副本,运动裤,OUTCOME_ENGAGEMENT,40,使用广告组预算,暂停,可见亏损,-114.75,192.02,77.27,1,111118,1.39,0.0029,1.131,0.089,1.315,0.96,0.242,3114,2853,199.51,278.74,79.23,227.72,289.37,61.64,-17.59
新销量广告系列-0923-运动裤2-1-新,运动裤,OUTCOME_SALES,15,使用广告组预算,观察,未来无净增,141.18,77.2,218.38,3,787362,0.704,0.0174,1.491,0.01,1.208,1.029,0.013,1143,1130,75.85,63.36,-12.5,91.02,75.27,-15.75,-3.26
新销量广告系列-0923-运动裤2-1-新 - 广告副本,运动裤,OUTCOME_SALES,20,使用广告组预算,加预算,未来净增,95.08,76.07,171.15,2,1633305,2.117,0.0057,0.759,-0.067,1.123,0.761,0.007,1087,1254,75.23,289.84,214.61,75.23,309.19,233.96,19.35
新销量广告系列-0923-运动裤3-1-新,运动裤,OUTCOME_SALES,10,使用广告组预算,暂停,可见亏损,-28.29,28.29,0.0,0,2232685,0.505,0.0153,0.568,0.004,1.134,0.566,0.002,401,393,28.11,21.85,-6.27,28.11,21.77,-6.35,-0.08
新互动广告系列-0923-背心1-1-新,背心,OUTCOME_ENGAGEMENT,25,使用广告组预算,暂停,可见亏损,-41.69,127.42,85.74,2,2108997,1.591,0.0018,1.173,-0.067,1.244,1.019,0.009,2252,2103,124.11,109.24,-14.87,146.2,137.26,-8.93,5.94
新销量广告系列-0923-背心1-1-新 - 广告副本,背心,OUTCOME_SALES,20,使用广告组预算,观察,未来无净增,57.96,99.81,157.77,4,20332,1.291,0.0136,1.364,0.29,1.796,0.998,0.583,2020,1091,100.71,125.92,25.22,120.85,107.24,-13.61,-38.83
新销量广告系列-0923-背心2-1-新,背心,OUTCOME_SALES,30,使用广告系列预算,观察,未来无净增,49.19,147.91,197.1,5,42830,1.609,0.0062,1.402,0.17,1.632,0.986,0.407,2032,1867,149.14,243.24,94.1,178.96,242.13,63.16,-30.94
新销量广告系列-0923-背心2-1-新 - 广告副本,背心,OUTCOME_SALES,20,使用广告组预算,观察,未来无净增,23.65,44.59,68.24,2,1723329,0.901,0.0153,0.437,0.128,1.219,0.446,0.004,801,736,42.09,59.35,17.26,42.09,51.77,9.69,-7.58
新流量广告系列-0923-背心3-1-新,背心,OUTCOME_TRAFFIC,20,使用广告系列预算,加预算,未来净增,43.53,99.5,143.03,4,2125374,1.542,0.0248,1.065,-0.025,1.23,0.995,0.008,1734,1708,98.01,101.43,3.41,105.16,111.17,6.01,2.6
新互动广告系列-0923-围巾1-1-新,围巾,OUTCOME_ENGAGEMENT,30,使用广告组预算,暂停,可见亏损,-81.34,147.89,66.55,2,40490,1.702,0.0121,1.277,0.266,1.452,0.986,0.463,2751,2017,146.65,49.71,-96.93,175.97,43.81,-132.17,-35.23
新销量广告系列-0923-围巾1-1-新 - 广告副本,围巾,OUTCOME_SALES,50,使用广告组预算,观察,未来无净增,33.03,118.86,151.89,4,41484,2.352,0.0005,0.486,0.188,1.488,0.475,0.391,2154,1513,122.61,319.78,197.17,122.61,259.54,136.93,-60.24
新销量广告系列-0923-围巾2-1-新,围巾,OUTCOME_SALES,25,使用广告组预算,观察,未来无净增,5.92,122.04,127.95,4,29334,1.233,0.0191,1.21,0.229,1.668,0.976,0.539,1961,1629,129.52,150.62,21.1,152.81,137.14,-15.67,-36.78
新销量广告系列-0923-围巾2-1-新 - 广告副本,围巾,OUTCOME_SALES,20,使用广告系列预算,暂停,可见亏损,-48.54,88.45,39.91,1,374485,0.591,0.0081,0.892,0.051,1.286,0.885,0.038,1439,1421,91.56,93.37,1.81,91.56,88.59,-2.97,-4.78
新销量广告系列-0923-围巾3-1-新,围巾,OUTCOME_SALES,40,使用广告系列预算,加预算,未来净增,242.88,201.65,444.53,10,613169,1.49,0.0022,1.442,-0.013,1.243,1.008,0.052,3263,3298,202.24,553.39,351.15,242.69,672.37,429.68,78.53
新销量广告系列-0923-手表1-1-新,手表,OUTCOME_SALES,30,使用广告组预算,观察,未来无净增,229.16,151.05,380.21,2,13265,0.911,0.0028,1.243,0.36,1.826,1.007,0.712,1550,1000,150.07,115.81,-34.26,180.09,88.9,-91.18,-56.92
新销量广告系列-0923-手表1-1-新 - 广告副本,手表,OUTCOME_SALES,20,使用广告组预算,加预算,未来净增,94.14,100.92,195.06,1,136926,3.21,0.0229,1.428,0.05,1.082,1.009,0.072,1032,925,101.45,301.6,200.14,121.74,343.72,221.98,21.84
新销量广告系列-0923-手表2-1-新,手表,OUTCOME_SALES,20,使用广告系列预算,暂停,可见亏损,-99.99,99.99,0.0,0,98569,0.939,0.0055,1.427,0.021,1.221,1.0,0.096,942,928,99.54,103.41,3.87,119.45,121.49,2.04,-1.83
新互动广告系列-0923-手表2-1-新 - 广告副本,手表,OUTCOME_ENGAGEMENT,30,使用广告系列预算,暂停,可见亏损,-150.36,150.36,0.0,0,321634,0.689,0.0173,1.293,-0.077,1.126,1.002,0.045,1593,1569,148.38,23.43,-124.95,178.06,30.29,-147.77,-22.82
新销量广告系列-0923-手表3-1-新,手表,OUTCOME_SALES,30,使用广告组预算,加预算,未来净增,226.4,147.52,373.91,2,658353,1.994,0.0104,1.22,0.013,1.04,0.983,0.023,1660,1644,152.9,312.88,159.97,178.03,359.19,181.16,21.19
