广告,方案,预算,第几天,花费,期望收入,期望净,期望购买,频次,覆盖,饱和度
新销量广告系列-0923-短袖T恤1-1-新,不动,10,1,6.98,22.0,15.02,0.32,1.299,416,0.087
新销量广告系列-0923-短袖T恤1-1-新,不动,10,2,7.47,24.94,17.47,0.35,1.318,461,0.101
新销量广告系列-0923-短袖T恤1-1-新,不动,10,3,7.48,24.03,16.55,0.36,1.339,471,0.116
新销量广告系列-0923-短袖T恤1-1-新,不动,10,4,7.19,16.8,9.61,0.31,1.36,402,0.128
新销量广告系列-0923-短袖T恤1-1-新,不动,10,5,6.59,18.84,12.25,0.29,1.379,385,0.14
新销量广告系列-0923-短袖T恤1-1-新,加预算,12.0,1,6.98,21.87,14.89,0.32,1.299,416,0.087
新销量广告系列-0923-短袖T恤1-1-新,加预算,12.0,2,7.47,24.79,17.33,0.35,1.318,461,0.101
新销量广告系列-0923-短袖T恤1-1-新,加预算,12.0,3,7.48,23.89,16.41,0.36,1.339,471,0.116
新销量广告系列-0923-短袖T恤1-1-新,加预算,12.0,4,7.19,16.7,9.51,0.31,1.36,402,0.128
新销量广告系列-0923-短袖T恤1-1-新,加预算,12.0,5,6.59,18.73,12.14,0.29,1.379,385,0.14
新销量广告系列-0923-短袖T恤1-1-新 - 广告副本,不动,30,1,10.21,16.68,6.47,0.38,1.302,638,0.062
新销量广告系列-0923-短袖T恤1-1-新 - 广告副本,不动,30,2,8.8,14.29,5.5,0.28,1.314,465,0.069
新销量广告系列-0923-短袖T恤1-1-新 - 广告副本,不动,30,3,10.44,18.79,8.35,0.35,1.326,585,0.079
新销量广告系列-0923-短袖T恤1-1-新 - 广告副本,不动,30,4,10.64,18.6,7.96,0.36,1.339,591,0.088
新销量广告系列-0923-短袖T恤1-1-新 - 广告副本,不动,30,5,9.67,14.66,4.98,0.33,1.353,545,0.097
新销量广告系列-0923-短袖T恤1-1-新 - 广告副本,加预算,36.0,1,10.21,17.11,6.9,0.39,1.302,638,0.062
新销量广告系列-0923-短袖T恤1-1-新 - 广告副本,加预算,36.0,2,8.8,14.67,5.87,0.29,1.314,465,0.069
新销量广告系列-0923-短袖T恤1-1-新 - 广告副本,加预算,36.0,3,10.44,19.27,8.84,0.36,1.326,585,0.079
新销量广告系列-0923-短袖T恤1-1-新 - 广告副本,加预算,36.0,4,10.64,19.09,8.45,0.37,1.339,591,0.088
新销量广告系列-0923-短袖T恤1-1-新 - 广告副本,加预算,36.0,5,9.67,15.04,5.37,0.34,1.353,545,0.097
新销量广告系列-0923-短袖T恤2-1-新,不动,25,1,24.71,23.16,-1.55,0.44,1.23,1579,0.057
新销量广告系列-0923-短袖T恤2-1-新,不动,25,2,26.12,24.03,-2.09,0.43,1.241,1611,0.066
新销量广告系列-0923-短袖T恤2-1-新,不动,25,3,25.12,25.74,0.62,0.41,1.253,1569,0.074
新销量广告系列-0923-短袖T恤2-1-新,不动,25,4,23.81,22.67,-1.14,0.41,1.265,1608,0.083
新销量广告系列-0923-短袖T恤2-1-新,不动,25,5,26.19,28.29,2.11,0.4,1.277,1579,0.092
新销量广告系列-0923-短袖T恤2-1-新,加预算,30.0,1,29.65,27.76,-1.89,0.52,1.23,1579,0.057
新销量广告系列-0923-短袖T恤2-1-新,加预算,30.0,2,31.34,28.8,-2.55,0.52,1.241,1611,0.066
新销量广告系列-0923-短袖T恤2-1-新,加预算,30.0,3,30.14,30.85,0.71,0.5,1.253,1569,0.074
新销量广告系列-0923-短袖T恤2-1-新,加预算,30.0,4,28.57,27.17,-1.41,0.5,1.265,1608,0.083
新销量广告系列-0923-短袖T恤2-1-新,加预算,30.0,5,31.42,33.91,2.49,0.47,1.277,1579,0.092
新流量广告系列-0923-短袖T恤2-1-新 - 广告副本,不动,25,1,25.73,27.26,1.53,0.46,1.314,1545,0.181
新流量广告系列-0923-短袖T恤2-1-新 - 广告副本,不动,25,2,25.01,24.93,-0.08,0.45,1.357,1503,0.207
新流量广告系列-0923-短袖T恤2-1-新 - 广告副本,不动,25,3,24.25,17.87,-6.38,0.36,1.399,1240,0.229
新流量广告系列-0923-短袖T恤2-1-新 - 广告副本,不动,25,4,26.64,23.77,-2.87,0.45,1.444,1543,0.256
新流量广告系列-0923-短袖T恤2-1-新 - 广告副本,不动,25,5,23.98,18.64,-5.34,0.35,1.492,1200,0.277
新流量广告系列-0923-短袖T恤2-1-新 - 广告副本,加预算,30.0,1,27.04,23.84,-3.2,0.4,1.314,1545,0.181
新流量广告系列-0923-短袖T恤2-1-新 - 广告副本,加预算,30.0,2,27.1,22.48,-4.62,0.4,1.357,1503,0.207
新流量广告系列-0923-短袖T恤2-1-新 - 广告副本,加预算,30.0,3,26.92,16.51,-10.41,0.34,1.399,1240,0.229
新流量广告系列-0923-短袖T恤2-1-新 - 广告副本,加预算,30.0,4,29.51,21.91,-7.59,0.41,1.444,1543,0.256
新流量广告系列-0923-短袖T恤2-1-新 - 广告副本,加预算,30.0,5,26.96,17.44,-9.52,0.32,1.492,1200,0.277
新互动广告系列-0923-短袖T恤3-1-新,不动,25,1,23.76,12.65,-11.11,0.27,1.115,1750,0.016
新互动广告系列-0923-短袖T恤3-1-新,不动,25,2,25.53,14.1,-11.43,0.31,1.118,2010,0.019
新互动广告系列-0923-短袖T恤3-1-新,不动,25,3,23.66,11.63,-12.03,0.26,1.121,1704,0.022
新互动广告系列-0923-短袖T恤3-1-新,不动,25,4,24.71,10.35,-14.36,0.27,1.124,1865,0.024
新互动广告系列-0923-短袖T恤3-1-新,不动,25,5,24.58,12.32,-12.26,0.26,1.127,1826,0.027
新互动广告系列-0923-短袖T恤3-1-新,加预算,30.0,1,28.51,16.82,-11.69,0.36,1.115,1750,0.016
新互动广告系列-0923-短袖T恤3-1-新,加预算,30.0,2,30.64,18.76,-11.88,0.41,1.118,2010,0.019
新互动广告系列-0923-短袖T恤3-1-新,加预算,30.0,3,28.39,15.46,-12.93,0.34,1.121,1704,0.022
新互动广告系列-0923-短袖T恤3-1-新,加预算,30.0,4,29.66,13.77,-15.88,0.37,1.124,1865,0.024
新互动广告系列-0923-短袖T恤3-1-新,加预算,30.0,5,29.49,16.38,-13.11,0.35,1.127,1826,0.027
新销量广告系列-0923-卫衣1-1-新,不动,25,1,12.04,20.46,8.42,0.24,1.244,692,0.14
新销量广告系列-0923-卫衣1-1-新,不动,25,2,11.53,18.84,7.31,0.22,1.273,643,0.16
新销量广告系列-0923-卫衣1-1-新,不动,25,3,12.76,18.9,6.14,0.23,1.304,679,0.18
新销量广告系列-0923-卫衣1-1-新,不动,25,4,11.55,18.0,6.45,0.2,1.336,592,0.198
新销量广告系列-0923-卫衣1-1-新,不动,25,5,13.42,19.09,5.67,0.22,1.368,647,0.218
新销量广告系列-0923-卫衣1-1-新,加预算,30.0,1,12.04,20.24,8.2,0.23,1.244,692,0.14
新销量广告系列-0923-卫衣1-1-新,加预算,30.0,2,11.53,18.63,7.11,0.22,1.273,643,0.16
新销量广告系列-0923-卫衣1-1-新,加预算,30.0,3,12.76,18.69,5.93,0.23,1.304,679,0.18
新销量广告系列-0923-卫衣1-1-新,加预算,30.0,4,11.55,17.8,6.26,0.2,1.336,592,0.198
新销量广告系列-0923-卫衣1-1-新,加预算,30.0,5,13.42,18.88,5.46,0.22,1.368,647,0.218
新销量广告系列-0923-卫衣1-1-新 - 广告副本,不动,30,1,29.51,152.34,122.83,1.38,1.082,1917,0.03
新销量广告系列-0923-卫衣1-1-新 - 广告副本,不动,30,2,31.78,153.61,121.83,1.51,1.087,2126,0.035
新销量广告系列-0923-卫衣1-1-新 - 广告副本,不动,30,3,30.69,156.89,126.2,1.37,1.093,1972,0.04
新销量广告系列-0923-卫衣1-1-新 - 广告副本,不动,30,4,30.29,146.35,116.06,1.27,1.098,1856,0.045
新销量广告系列-0923-卫衣1-1-新 - 广告副本,不动,30,5,29.91,172.42,142.52,1.26,1.104,1882,0.05
新销量广告系列-0923-卫衣1-1-新 - 广告副本,加预算,36.0,1,35.41,170.32,134.91,1.55,1.082,1917,0.03
新销量广告系列-0923-卫衣1-1-新 - 广告副本,加预算,36.0,2,38.14,171.74,133.61,1.68,1.087,2126,0.035
新销量广告系列-0923-卫衣1-1-新 - 广告副本,加预算,36.0,3,36.82,175.4,138.58,1.53,1.093,1972,0.04
新销量广告系列-0923-卫衣1-1-新 - 广告副本,加预算,36.0,4,36.35,163.62,127.27,1.42,1.098,1856,0.045
新销量广告系列-0923-卫衣1-1-新 - 广告副本,加预算,36.0,5,35.89,192.77,156.88,1.41,1.104,1882,0.05
新销量广告系列-0923-卫衣2-1-新,不动,40,1,38.99,40.04,1.05,0.73,1.606,1918,0.248
新销量广告系列-0923-卫衣2-1-新,不动,40,2,38.92,37.16,-1.76,0.72,1.681,1841,0.281
新销量广告系列-0923-卫衣2-1-新,不动,40,3,41.86,47.91,6.05,0.74,1.761,1875,0.315
新销量广告系列-0923-卫衣2-1-新,不动,40,4,41.31,55.4,14.09,0.71,1.848,1759,0.347
新销量广告系列-0923-卫衣2-1-新,不动,40,5,38.84,40.6,1.76,0.73,1.941,1771,0.379
新销量广告系列-0923-卫衣2-1-新,加预算,48.0,1,46.79,36.46,-10.33,0.67,1.606,1918,0.248
新销量广告系列-0923-卫衣2-1-新,加预算,48.0,2,46.71,33.85,-12.86,0.65,1.681,1841,0.281
新销量广告系列-0923-卫衣2-1-新,加预算,48.0,3,50.23,43.63,-6.6,0.68,1.761,1875,0.315
新销量广告系列-0923-卫衣2-1-新,加预算,48.0,4,49.57,50.45,0.88,0.65,1.848,1759,0.347
新销量广告系列-0923-卫衣2-1-新,加预算,48.0,5,46.61,36.98,-9.64,0.67,1.941,1771,0.379
新互动广告系列-0923-卫衣2-1-新 - 广告副本,不动,10,1,10.51,3.09,-7.42,0.04,1.32,575,0.093
新互动广告系列-0923-卫衣2-1-新 - 广告副本,不动,10,2,10.19,3.22,-6.97,0.03,1.341,479,0.105
新互动广告系列-0923-卫衣2-1-新 - 广告副本,不动,10,3,10.28,2.75,-7.54,0.04,1.361,550,0.12
新互动广告系列-0923-卫衣2-1-新 - 广告副本,不动,10,4,9.97,3.59,-6.38,0.04,1.384,522,0.134
新互动广告系列-0923-卫衣2-1-新 - 广告副本,不动,10,5,9.92,2.46,-7.46,0.04,1.406,502,0.147
新互动广告系列-0923-卫衣2-1-新 - 广告副本,加预算,12.0,1,12.61,3.34,-9.27,0.04,1.32,575,0.093
新互动广告系列-0923-卫衣2-1-新 - 广告副本,加预算,12.0,2,12.22,3.48,-8.74,0.04,1.341,479,0.105
新互动广告系列-0923-卫衣2-1-新 - 广告副本,加预算,12.0,3,12.34,2.97,-9.37,0.04,1.361,550,0.12
新互动广告系列-0923-卫衣2-1-新 - 广告副本,加预算,12.0,4,11.96,3.89,-8.08,0.04,1.384,522,0.134
新互动广告系列-0923-卫衣2-1-新 - 广告副本,加预算,12.0,5,11.91,2.67,-9.24,0.04,1.406,502,0.147
新销量广告系列-0923-卫衣3-1-新,不动,15,1,7.68,10.55,2.86,0.15,1.222,449,0.048
新销量广告系列-0923-卫衣3-1-新,不动,15,2,7.31,10.22,2.91,0.14,1.233,434,0.056
新销量广告系列-0923-卫衣3-1-新,不动,15,3,7.5,8.87,1.37,0.13,1.243,409,0.064
新销量广告系列-0923-卫衣3-1-新,不动,15,4,7.22,8.22,1.0,0.13,1.252,402,0.071
新销量广告系列-0923-卫衣3-1-新,不动,15,5,7.88,10.67,2.79,0.15,1.263,459,0.079
新销量广告系列-0923-卫衣3-1-新,加预算,18.0,1,7.68,10.01,2.33,0.14,1.222,449,0.048
新销量广告系列-0923-卫衣3-1-新,加预算,18.0,2,7.31,9.7,2.39,0.13,1.233,434,0.056
新销量广告系列-0923-卫衣3-1-新,加预算,18.0,3,7.5,8.42,0.92,0.13,1.243,409,0.064
新销量广告系列-0923-卫衣3-1-新,加预算,18.0,4,7.22,7.8,0.58,0.13,1.252,402,0.071
新销量广告系列-0923-卫衣3-1-新,加预算,18.0,5,7.88,10.13,2.25,0.14,1.263,459,0.079
新互动广告系列-0923-长裤1-1-新,不动,20,1,19.01,12.04,-6.97,0.15,1.244,1025,0.005
新互动广告系列-0923-长裤1-1-新,不动,20,2,20.31,15.42,-4.89,0.18,1.245,1226,0.005
新互动广告系列-0923-长裤1-1-新,不动,20,3,19.39,11.3,-8.09,0.16,1.246,1122,0.006
新互动广告系列-0923-长裤1-1-新,不动,20,4,19.66,13.32,-6.33,0.16,1.247,1157,0.007
新互动广告系列-0923-长裤1-1-新,不动,20,5,19.59,14.66,-4.94,0.17,1.248,1181,0.008
新互动广告系列-0923-长裤1-1-新,加预算,24.0,1,22.81,14.2,-8.61,0.18,1.244,1025,0.005
新互动广告系列-0923-长裤1-1-新,加预算,24.0,2,24.1,17.98,-6.12,0.21,1.245,1226,0.005
新互动广告系列-0923-长裤1-1-新,加预算,24.0,3,23.27,13.32,-9.95,0.19,1.246,1122,0.006
新互动广告系列-0923-长裤1-1-新,加预算,24.0,4,23.59,15.71,-7.88,0.19,1.247,1157,0.007
新互动广告系列-0923-长裤1-1-新,加预算,24.0,5,22.81,16.77,-6.04,0.19,1.248,1181,0.008
新销量广告系列-0923-长裤1-1-新 - 广告副本,不动,30,1,31.86,110.93,79.08,1.16,1.067,2339,0.014
新销量广告系列-0923-长裤1-1-新 - 广告副本,不动,30,2,31.18,122.06,90.88,1.08,1.069,2207,0.017
新销量广告系列-0923-长裤1-1-新 - 广告副本,不动,30,3,28.19,95.0,66.81,0.92,1.072,1886,0.019
新销量广告系列-0923-长裤1-1-新 - 广告副本,不动,30,4,27.92,76.04,48.12,0.78,1.074,1617,0.02
新销量广告系列-0923-长裤1-1-新 - 广告副本,不动,30,5,29.57,90.5,60.93,0.92,1.076,1923,0.022
新销量广告系列-0923-长裤1-1-新 - 广告副本,加预算,36.0,1,37.23,130.36,93.13,1.36,1.067,2339,0.014
新销量广告系列-0923-长裤1-1-新 - 广告副本,加预算,36.0,2,37.42,147.28,109.86,1.31,1.069,2207,0.017
新销量广告系列-0923-长裤1-1-新 - 广告副本,加预算,36.0,3,33.82,114.62,80.8,1.11,1.072,1886,0.019
新销量广告系列-0923-长裤1-1-新 - 广告副本,加预算,36.0,4,33.51,91.75,58.24,0.94,1.074,1617,0.02
新销量广告系列-0923-长裤1-1-新 - 广告副本,加预算,36.0,5,35.49,109.2,73.72,1.11,1.076,1923,0.022
新互动广告系列-0923-长裤2-1-新,不动,20,1,20.45,26.58,6.14,0.35,1.15,1367,0.002
新互动广告系列-0923-长裤2-1-新,不动,20,2,18.76,23.93,5.17,0.31,1.151,1233,0.003
新互动广告系列-0923-长裤2-1-新,不动,20,3,19.26,22.87,3.61,0.29,1.151,1186,0.003
新互动广告系列-0923-长裤2-1-新,不动,20,4,20.02,20.43,0.42,0.3,1.152,1201,0.003
新互动广告系列-0923-长裤2-1-新,不动,20,5,20.27,27.99,7.73,0.28,1.152,1170,0.004
新互动广告系列-0923-长裤2-1-新,加预算,24.0,1,24.54,32.91,8.37,0.43,1.15,1367,0.002
新互动广告系列-0923-长裤2-1-新,加预算,24.0,2,22.51,29.62,7.1,0.38,1.151,1233,0.003
新互动广告系列-0923-长裤2-1-新,加预算,24.0,3,23.12,28.31,5.19,0.37,1.151,1186,0.003
新互动广告系列-0923-长裤2-1-新,加预算,24.0,4,24.02,25.29,1.27,0.37,1.152,1201,0.003
新互动广告系列-0923-长裤2-1-新,加预算,24.0,5,24.32,34.65,10.33,0.35,1.152,1170,0.004
新销量广告系列-0923-长裤2-1-新 - 广告副本,不动,20,1,19.39,32.55,13.16,0.59,1.28,1428,0.217
新销量广告系列-0923-长裤2-1-新 - 广告副本,不动,20,2,20.86,29.84,8.98,0.54,1.337,1298,0.25
新销量广告系列-0923-长裤2-1-新 - 广告副本,不动,20,3,21.72,29.65,7.93,0.53,1.396,1261,0.281
新销量广告系列-0923-长裤2-1-新 - 广告副本,不动,20,4,19.65,21.46,1.81,0.44,1.452,1032,0.307
新销量广告系列-0923-长裤2-1-新 - 广告副本,不动,20,5,21.57,25.74,4.18,0.47,1.509,1093,0.335
新销量广告系列-0923-长裤2-1-新 - 广告副本,加预算,24.0,1,23.27,34.91,11.64,0.63,1.28,1428,0.217
新销量广告系列-0923-长裤2-1-新 - 广告副本,加预算,24.0,2,25.03,32.0,6.97,0.58,1.337,1298,0.25
新销量广告系列-0923-长裤2-1-新 - 广告副本,加预算,24.0,3,26.06,31.79,5.73,0.57,1.396,1261,0.281
新销量广告系列-0923-长裤2-1-新 - 广告副本,加预算,24.0,4,23.58,23.01,-0.57,0.47,1.452,1032,0.307
新销量广告系列-0923-长裤2-1-新 - 广告副本,加预算,24.0,5,25.88,27.61,1.73,0.5,1.509,1093,0.335
新销量广告系列-0923-长裤3-1-新,不动,50,1,51.86,83.82,31.96,1.5,1.207,3324,0.164
新销量广告系列-0923-长裤3-1-新,不动,50,2,52.16,78.44,26.28,1.36,1.245,2956,0.188
新销量广告系列-0923-长裤3-1-新,不动,50,3,47.35,100.04,52.69,1.31,1.281,2824,0.211
新销量广告系列-0923-长裤3-1-新,不动,50,4,48.87,81.18,32.31,1.35,1.319,2860,0.234
新销量广告系列-0923-长裤3-1-新,不动,50,5,47.83,90.27,42.44,1.13,1.356,2358,0.253
新销量广告系列-0923-长裤3-1-新,加预算,60.0,1,62.24,96.52,34.28,1.73,1.207,3324,0.164
新销量广告系列-0923-长裤3-1-新,加预算,60.0,2,62.59,90.32,27.73,1.56,1.245,2956,0.188
新销量广告系列-0923-长裤3-1-新,加预算,60.0,3,56.82,115.2,58.38,1.51,1.281,2824,0.211
新销量广告系列-0923-长裤3-1-新,加预算,60.0,4,58.65,93.48,34.84,1.55,1.319,2860,0.234
新销量广告系列-0923-长裤3-1-新,加预算,60.0,5,57.4,103.95,46.55,1.3,1.356,2358,0.253
新销量广告系列-0923-帽子1-1-新,不动,40,1,41.88,193.59,151.71,4.6,1.656,2749,0.286
新销量广告系列-0923-帽子1-1-新,不动,40,2,39.32,201.73,162.41,4.12,1.76,2432,0.327
新销量广告系列-0923-帽子1-1-新,不动,40,3,40.59,183.39,142.8,3.73,1.866,2181,0.364
新销量广告系列-0923-帽子1-1-新,不动,40,4,38.77,161.54,122.77,3.19,1.968,1850,0.396
新销量广告系列-0923-帽子1-1-新,不动,40,5,39.98,149.33,109.35,3.5,2.079,2023,0.43
新销量广告系列-0923-帽子1-1-新,加预算,48.0,1,47.64,173.6,125.97,4.13,1.656,2749,0.286
新销量广告系列-0923-帽子1-1-新,加预算,48.0,2,46.02,186.15,140.13,3.8,1.76,2432,0.327
新销量广告系列-0923-帽子1-1-新,加预算,48.0,3,45.77,163.05,117.28,3.32,1.866,2181,0.364
新销量广告系列-0923-帽子1-1-新,加预算,48.0,4,46.52,152.83,106.3,3.01,1.968,1850,0.396
新销量广告系列-0923-帽子1-1-新,加预算,48.0,5,44.32,130.5,86.18,3.06,2.079,2023,0.43
新销量广告系列-0923-帽子1-1-新 - 广告副本,不动,25,1,24.23,73.14,48.91,2.35,1.141,2057,0.045
新销量广告系列-0923-帽子1-1-新 - 广告副本,不动,25,2,24.44,78.35,53.91,2.32,1.149,2029,0.052
新销量广告系列-0923-帽子1-1-新 - 广告副本,不动,25,3,23.49,69.72,46.23,2.41,1.157,2108,0.059
新销量广告系列-0923-帽子1-1-新 - 广告副本,不动,25,4,23.68,73.09,49.42,2.46,1.166,2145,0.066
新销量广告系列-0923-帽子1-1-新 - 广告副本,不动,25,5,25.21,94.23,69.02,2.68,1.175,2333,0.073
新销量广告系列-0923-帽子1-1-新 - 广告副本,加预算,30.0,1,29.07,85.02,55.94,2.73,1.141,2057,0.045
新销量广告系列-0923-帽子1-1-新 - 广告副本,加预算,30.0,2,29.33,91.07,61.74,2.7,1.149,2029,0.052
新销量广告系列-0923-帽子1-1-新 - 广告副本,加预算,30.0,3,28.18,81.04,52.86,2.81,1.157,2108,0.059
新销量广告系列-0923-帽子1-1-新 - 广告副本,加预算,30.0,4,28.41,84.97,56.55,2.86,1.166,2145,0.066
新销量广告系列-0923-帽子1-1-新 - 广告副本,加预算,30.0,5,30.25,109.53,79.28,3.11,1.175,2333,0.073
新销量广告系列-0923-帽子2-1-新,不动,25,1,23.52,52.8,29.28,1.34,1.224,1646,0.008
新销量广告系列-0923-帽子2-1-新,不动,25,2,24.6,47.2,22.6,1.47,1.225,1819,0.009
新销量广告系列-0923-帽子2-1-新,不动,25,3,23.78,68.15,44.36,1.2,1.227,1495,0.01
新销量广告系列-0923-帽子2-1-新,不动,25,4,23.66,54.57,30.91,1.34,1.228,1686,0.011
新销量广告系列-0923-帽子2-1-新,不动,25,5,25.35,62.02,36.67,1.39,1.23,1764,0.012
新销量广告系列-0923-帽子2-1-新,加预算,30.0,1,28.18,62.66,34.48,1.59,1.224,1646,0.008
新销量广告系列-0923-帽子2-1-新,加预算,30.0,2,27.2,51.69,24.49,1.61,1.225,1819,0.009
新销量广告系列-0923-帽子2-1-新,加预算,30.0,3,27.42,77.82,50.4,1.37,1.227,1495,0.01
新销量广告系列-0923-帽子2-1-新,加预算,30.0,4,26.52,60.59,34.07,1.49,1.228,1686,0.011
新销量广告系列-0923-帽子2-1-新,加预算,30.0,5,28.96,70.18,41.22,1.57,1.23,1764,0.012
新销量广告系列-0923-帽子2-1-新 - 广告副本,不动,40,1,31.65,90.26,58.61,2.37,1.224,2636,0.008
新销量广告系列-0923-帽子2-1-新 - 广告副本,不动,40,2,29.94,100.95,71.01,2.29,1.226,2581,0.01
新销量广告系列-0923-帽子2-1-新 - 广告副本,不动,40,3,31.2,91.98,60.78,2.37,1.228,2690,0.011
新销量广告系列-0923-帽子2-1-新 - 广告副本,不动,40,4,31.89,86.56,54.67,2.41,1.23,2771,0.013
新销量广告系列-0923-帽子2-1-新 - 广告副本,不动,40,5,29.71,77.18,47.47,2.23,1.232,2583,0.014
新销量广告系列-0923-帽子2-1-新 - 广告副本,加预算,48.0,1,31.65,93.56,61.91,2.45,1.224,2636,0.008
新销量广告系列-0923-帽子2-1-新 - 广告副本,加预算,48.0,2,29.94,104.64,74.69,2.38,1.226,2581,0.01
新销量广告系列-0923-帽子2-1-新 - 广告副本,加预算,48.0,3,31.2,95.34,64.14,2.45,1.228,2690,0.011
新销量广告系列-0923-帽子2-1-新 - 广告副本,加预算,48.0,4,31.89,89.72,57.83,2.5,1.23,2771,0.013
新销量广告系列-0923-帽子2-1-新 - 广告副本,加预算,48.0,5,29.71,80.0,50.29,2.31,1.232,2583,0.014
新互动广告系列-0923-帽子3-1-新,不动,50,1,47.83,54.0,6.17,1.59,1.302,3749,0.026
新互动广告系列-0923-帽子3-1-新,不动,50,2,51.35,48.98,-2.37,1.77,1.308,4229,0.03
新互动广告系列-0923-帽子3-1-新,不动,50,3,48.47,62.1,13.63,1.68,1.314,4059,0.035
新互动广告系列-0923-帽子3-1-新,不动,50,4,49.38,63.67,14.3,1.64,1.32,4014,0.039
新互动广告系列-0923-帽子3-1-新,不动,50,5,47.57,38.74,-8.82,1.4,1.326,3453,0.043
新互动广告系列-0923-帽子3-1-新,加预算,60.0,1,57.24,66.28,9.04,1.95,1.302,3749,0.026
新互动广告系列-0923-帽子3-1-新,加预算,60.0,2,58.95,57.67,-1.28,2.08,1.308,4229,0.03
新互动广告系列-0923-帽子3-1-新,加预算,60.0,3,58.17,76.42,18.26,2.07,1.314,4059,0.035
新互动广告系列-0923-帽子3-1-新,加预算,60.0,4,55.57,73.49,17.92,1.9,1.32,4014,0.039
新互动广告系列-0923-帽子3-1-新,加预算,60.0,5,57.08,47.68,-9.4,1.72,1.326,3453,0.043
新销量广告系列-0923-连衣裙1-1-新,不动,25,1,23.77,53.61,29.84,0.51,1.15,1355,0.007
新销量广告系列-0923-连衣裙1-1-新,不动,25,2,25.07,33.12,8.05,0.45,1.152,1221,0.008
新销量广告系列-0923-连衣裙1-1-新,不动,25,3,24.68,49.62,24.94,0.47,1.153,1280,0.009
新销量广告系列-0923-连衣裙1-1-新,不动,25,4,24.93,42.68,17.75,0.47,1.154,1306,0.011
新销量广告系列-0923-连衣裙1-1-新,不动,25,5,25.22,54.03,28.81,0.49,1.156,1378,0.012
新销量广告系列-0923-连衣裙1-1-新,加预算,30.0,1,28.53,65.24,36.71,0.62,1.15,1355,0.007
新销量广告系列-0923-连衣裙1-1-新,加预算,30.0,2,30.08,40.3,10.22,0.55,1.152,1221,0.008
新销量广告系列-0923-连衣裙1-1-新,加预算,30.0,3,29.61,60.38,30.76,0.57,1.153,1280,0.009
新销量广告系列-0923-连衣裙1-1-新,加预算,30.0,4,29.92,51.94,22.02,0.58,1.154,1306,0.011
新销量广告系列-0923-连衣裙1-1-新,加预算,30.0,5,30.26,65.76,35.49,0.6,1.156,1378,0.012
新销量广告系列-0923-连衣裙1-1-新 - 广告副本,不动,25,1,26.06,88.71,62.65,0.93,1.138,1480,0.008
新销量广告系列-0923-连衣裙1-1-新 - 广告副本,不动,25,2,25.33,63.08,37.75,0.8,1.14,1292,0.009
新销量广告系列-0923-连衣裙1-1-新 - 广告副本,不动,25,3,25.04,58.14,33.11,0.78,1.141,1267,0.011
新销量广告系列-0923-连衣裙1-1-新 - 广告副本,不动,25,4,24.97,64.28,39.31,0.75,1.143,1241,0.012
新销量广告系列-0923-连衣裙1-1-新 - 广告副本,不动,25,5,24.09,47.46,23.37,0.65,1.144,1084,0.013
新销量广告系列-0923-连衣裙1-1-新 - 广告副本,加预算,30.0,1,31.27,104.77,73.5,1.09,1.138,1480,0.008
新销量广告系列-0923-连衣裙1-1-新 - 广告副本,加预算,30.0,2,30.4,74.5,44.1,0.94,1.14,1292,0.009
新销量广告系列-0923-连衣裙1-1-新 - 广告副本,加预算,30.0,3,30.05,68.67,38.62,0.92,1.141,1267,0.011
新销量广告系列-0923-连衣裙1-1-新 - 广告副本,加预算,30.0,4,29.96,75.92,45.95,0.89,1.143,1241,0.012
新销量广告系列-0923-连衣裙1-1-新 - 广告副本,加预算,30.0,5,28.9,56.05,27.15,0.77,1.144,1084,0.013
新销量广告系列-0923-连衣裙2-1-新,不动,15,1,15.23,26.85,11.62,0.31,1.322,752,0.035
新销量广告系列-0923-连衣裙2-1-新,不动,15,2,14.8,29.87,15.07,0.28,1.33,684,0.04
新销量广告系列-0923-连衣裙2-1-新,不动,15,3,14.71,28.58,13.87,0.25,1.337,621,0.045
新销量广告系列-0923-连衣裙2-1-新,不动,15,4,15.47,30.73,15.26,0.29,1.345,702,0.051
新销量广告系列-0923-连衣裙2-1-新,不动,15,5,15.91,30.14,14.23,0.3,1.353,739,0.057
新销量广告系列-0923-连衣裙2-1-新,加预算,18.0,1,18.27,31.51,13.23,0.36,1.322,752,0.035
新销量广告系列-0923-连衣裙2-1-新,加预算,18.0,2,17.75,35.05,17.29,0.33,1.33,684,0.04
新销量广告系列-0923-连衣裙2-1-新,加预算,18.0,3,17.65,33.54,15.89,0.3,1.337,621,0.045
新销量广告系列-0923-连衣裙2-1-新,加预算,18.0,4,18.57,36.06,17.49,0.34,1.345,702,0.051
新销量广告系列-0923-连衣裙2-1-新,加预算,18.0,5,19.1,35.37,16.27,0.35,1.353,739,0.057
新互动广告系列-0923-连衣裙2-1-新 - 广告副本,不动,30,1,29.43,24.97,-4.46,0.3,1.308,1509,0.053
新互动广告系列-0923-连衣裙2-1-新 - 广告副本,不动,30,2,31.42,29.3,-2.12,0.35,1.32,1783,0.062
新互动广告系列-0923-连衣裙2-1-新 - 广告副本,不动,30,3,31.19,30.84,-0.35,0.35,1.332,1806,0.071
新互动广告系列-0923-连衣裙2-1-新 - 广告副本,不动,30,4,30.16,25.1,-5.06,0.31,1.345,1638,0.08
新互动广告系列-0923-连衣裙2-1-新 - 广告副本,不动,30,5,29.01,34.14,5.12,0.3,1.357,1613,0.088
新互动广告系列-0923-连衣裙2-1-新 - 广告副本,加预算,36.0,1,35.31,28.73,-6.58,0.35,1.308,1509,0.053
新互动广告系列-0923-连衣裙2-1-新 - 广告副本,加预算,36.0,2,37.71,33.71,-3.99,0.4,1.32,1783,0.062
新互动广告系列-0923-连衣裙2-1-新 - 广告副本,加预算,36.0,3,37.43,35.49,-1.94,0.4,1.332,1806,0.071
新互动广告系列-0923-连衣裙2-1-新 - 广告副本,加预算,36.0,4,36.2,28.89,-7.31,0.36,1.345,1638,0.08
新互动广告系列-0923-连衣裙2-1-新 - 广告副本,加预算,36.0,5,34.82,39.28,4.47,0.35,1.357,1613,0.088
新销量广告系列-0923-连衣裙3-1-新,不动,25,1,17.33,60.51,43.18,0.57,1.138,1096,0.004
新销量广告系列-0923-连衣裙3-1-新,不动,25,2,19.58,73.09,53.51,0.58,1.139,1121,0.005
新销量广告系列-0923-连衣裙3-1-新,不动,25,3,19.19,51.65,32.46,0.51,1.14,997,0.005
新销量广告系列-0923-连衣裙3-1-新,不动,25,4,18.83,54.54,35.7,0.53,1.14,1046,0.006
新销量广告系列-0923-连衣裙3-1-新,不动,25,5,19.95,47.63,27.68,0.57,1.141,1140,0.007
新销量广告系列-0923-连衣裙3-1-新,加预算,30.0,1,17.33,63.67,46.34,0.6,1.138,1096,0.004
新销量广告系列-0923-连衣裙3-1-新,加预算,30.0,2,19.58,76.91,57.33,0.61,1.139,1121,0.005
新销量广告系列-0923-连衣裙3-1-新,加预算,30.0,3,19.19,54.35,35.16,0.54,1.14,997,0.005
新销量广告系列-0923-连衣裙3-1-新,加预算,30.0,4,18.83,57.39,38.56,0.56,1.14,1046,0.006
新销量广告系列-0923-连衣裙3-1-新,加预算,30.0,5,19.95,50.13,30.17,0.6,1.141,1140,0.007
新销量广告系列-0923-夹克1-1-新,不动,25,1,18.58,38.71,20.13,0.28,1.19,914,0.005
新销量广告系列-0923-夹克1-1-新,不动,25,2,20.23,50.96,30.73,0.31,1.191,1040,0.006
新销量广告系列-0923-夹克1-1-新,不动,25,3,18.73,38.54,19.81,0.27,1.192,912,0.007
新销量广告系列-0923-夹克1-1-新,不动,25,4,18.29,45.63,27.33,0.28,1.193,955,0.008
新销量广告系列-0923-夹克1-1-新,不动,25,5,18.46,42.81,24.35,0.26,1.194,918,0.009
新销量广告系列-0923-夹克1-1-新,加预算,30.0,1,18.58,43.36,24.77,0.31,1.19,914,0.005
新销量广告系列-0923-夹克1-1-新,加预算,30.0,2,20.23,57.07,36.84,0.35,1.191,1040,0.006
新销量广告系列-0923-夹克1-1-新,加预算,30.0,3,18.73,43.17,24.44,0.3,1.192,912,0.007
新销量广告系列-0923-夹克1-1-新,加预算,30.0,4,18.29,51.11,32.81,0.31,1.193,955,0.008
新销量广告系列-0923-夹克1-1-新,加预算,30.0,5,18.46,47.95,29.48,0.3,1.194,918,0.009
新销量广告系列-0923-夹克1-1-新 - 广告副本,不动,20,1,20.87,112.52,91.64,0.73,1.085,1207,0.01
新销量广告系列-0923-夹克1-1-新 - 广告副本,不动,20,2,19.75,81.95,62.2,0.62,1.087,1040,0.012
新销量广告系列-0923-夹克1-1-新 - 广告副本,不动,20,3,21.02,115.06,94.04,0.76,1.089,1295,0.013
新销量广告系列-0923-夹克1-1-新 - 广告副本,不动,20,4,19.84,89.09,69.25,0.6,1.091,1042,0.015
新销量广告系列-0923-夹克1-1-新 - 广告副本,不动,20,5,20.81,87.92,67.12,0.74,1.092,1322,0.017
新销量广告系列-0923-夹克1-1-新 - 广告副本,加预算,24.0,1,25.05,132.52,107.48,0.86,1.085,1207,0.01
新销量广告系列-0923-夹克1-1-新 - 广告副本,加预算,24.0,2,23.7,96.52,72.82,0.73,1.087,1040,0.012
新销量广告系列-0923-夹克1-1-新 - 广告副本,加预算,24.0,3,25.22,135.51,110.29,0.89,1.089,1295,0.013
新销量广告系列-0923-夹克1-1-新 - 广告副本,加预算,24.0,4,23.81,104.93,81.12,0.7,1.091,1042,0.015
新销量广告系列-0923-夹克1-1-新 - 广告副本,加预算,24.0,5,24.97,103.55,78.59,0.87,1.092,1322,0.017
新销量广告系列-0923-夹克2-1-新,不动,25,1,18.9,32.46,13.55,0.34,1.22,1118,0.004
新销量广告系列-0923-夹克2-1-新,不动,25,2,20.36,29.36,9.0,0.32,1.221,1065,0.005
新销量广告系列-0923-夹克2-1-新,不动,25,3,19.85,32.29,12.44,0.32,1.222,1081,0.005
新销量广告系列-0923-夹克2-1-新,不动,25,4,20.37,23.74,3.38,0.35,1.223,1161,0.006
新销量广告系列-0923-夹克2-1-新,不动,25,5,19.72,24.94,5.22,0.32,1.223,1094,0.007
新销量广告系列-0923-夹克2-1-新,加预算,30.0,1,18.9,32.76,13.86,0.34,1.22,1118,0.004
新销量广告系列-0923-夹克2-1-新,加预算,30.0,2,20.36,29.64,9.28,0.32,1.221,1065,0.005
新销量广告系列-0923-夹克2-1-新,加预算,30.0,3,19.85,32.6,12.75,0.33,1.222,1081,0.005
新销量广告系列-0923-夹克2-1-新,加预算,30.0,4,20.37,23.97,3.6,0.35,1.223,1161,0.006
新销量广告系列-0923-夹克2-1-新,加预算,30.0,5,19.72,25.18,5.46,0.33,1.223,1094,0.007
新互动广告系列-0923-夹克2-1-新 - 广告副本,不动,20,1,21.3,13.11,-8.2,0.11,1.2,1228,0.009
新互动广告系列-0923-夹克2-1-新 - 广告副本,不动,20,2,19.79,12.7,-7.08,0.11,1.202,1276,0.011
新互动广告系列-0923-夹克2-1-新 - 广告副本,不动,20,3,20.99,13.62,-7.37,0.12,1.204,1353,0.012
新互动广告系列-0923-夹克2-1-新 - 广告副本,不动,20,4,17.95,10.16,-7.79,0.09,1.206,1077,0.014
新互动广告系列-0923-夹克2-1-新 - 广告副本,不动,20,5,20.07,12.43,-7.65,0.11,1.208,1255,0.015
新互动广告系列-0923-夹克2-1-新 - 广告副本,加预算,24.0,1,22.59,14.08,-8.51,0.12,1.2,1228,0.009
新互动广告系列-0923-夹克2-1-新 - 广告副本,加预算,24.0,2,22.2,14.45,-7.76,0.13,1.202,1276,0.011
新互动广告系列-0923-夹克2-1-新 - 广告副本,加预算,24.0,3,23.46,15.43,-8.03,0.13,1.204,1353,0.012
新互动广告系列-0923-夹克2-1-新 - 广告副本,加预算,24.0,4,21.54,12.36,-9.18,0.11,1.206,1077,0.014
新互动广告系列-0923-夹克2-1-新 - 广告副本,加预算,24.0,5,23.26,14.59,-8.67,0.13,1.208,1255,0.015
新销量广告系列-0923-夹克3-1-新,不动,25,1,24.53,84.08,59.56,0.63,1.176,1415,0.006
新销量广告系列-0923-夹克3-1-新,不动,25,2,25.33,92.3,66.97,0.65,1.177,1474,0.007
新销量广告系列-0923-夹克3-1-新,不动,25,3,25.67,78.43,52.76,0.68,1.178,1535,0.008
新销量广告系列-0923-夹克3-1-新,不动,25,4,24.89,82.03,57.14,0.7,1.179,1590,0.009
新销量广告系列-0923-夹克3-1-新,不动,25,5,24.41,79.4,54.99,0.62,1.18,1418,0.01
新销量广告系列-0923-夹克3-1-新,加预算,30.0,1,26.8,89.46,62.66,0.67,1.176,1415,0.006
新销量广告系列-0923-夹克3-1-新,加预算,30.0,2,26.5,94.0,67.51,0.67,1.177,1474,0.007
新销量广告系列-0923-夹克3-1-新,加预算,30.0,3,27.36,81.4,54.04,0.7,1.178,1535,0.008
新销量广告系列-0923-夹克3-1-新,加预算,30.0,4,27.83,89.31,61.48,0.76,1.179,1590,0.009
新销量广告系列-0923-夹克3-1-新,加预算,30.0,5,27.51,87.12,59.6,0.68,1.18,1418,0.01
新互动广告系列-0923-衬衫1-1-新,不动,50,1,53.3,15.99,-37.31,0.27,1.21,3283,0.023
新互动广告系列-0923-衬衫1-1-新,不动,50,2,51.16,14.73,-36.43,0.31,1.215,3850,0.027
新互动广告系列-0923-衬衫1-1-新,不动,50,3,51.17,14.59,-36.58,0.26,1.22,3257,0.031
新互动广告系列-0923-衬衫1-1-新,不动,50,4,52.82,15.91,-36.91,0.29,1.224,3671,0.035
新互动广告系列-0923-衬衫1-1-新,不动,50,5,48.1,11.77,-36.33,0.23,1.229,2911,0.038
新互动广告系列-0923-衬衫1-1-新,加预算,60.0,1,63.88,20.06,-43.82,0.34,1.21,3283,0.023
新互动广告系列-0923-衬衫1-1-新,加预算,60.0,2,61.39,18.51,-42.88,0.4,1.215,3850,0.027
新互动广告系列-0923-衬衫1-1-新,加预算,60.0,3,60.71,18.13,-42.58,0.33,1.22,3257,0.031
新互动广告系列-0923-衬衫1-1-新,加预算,60.0,4,60.17,18.98,-41.18,0.35,1.224,3671,0.035
新互动广告系列-0923-衬衫1-1-新,加预算,60.0,5,57.72,14.79,-42.93,0.29,1.229,2911,0.038
新销量广告系列-0923-衬衫1-1-新 - 广告副本,不动,15,1,15.22,41.0,25.78,0.64,1.1,1126,0.057
新销量广告系列-0923-衬衫1-1-新 - 广告副本,不动,15,2,14.3,42.44,28.14,0.58,1.111,1044,0.066
新销量广告系列-0923-衬衫1-1-新 - 广告副本,不动,15,3,15.47,43.02,27.55,0.65,1.122,1199,0.076
新销量广告系列-0923-衬衫1-1-新 - 广告副本,不动,15,4,15.06,38.05,23.0,0.57,1.133,1075,0.085
新销量广告系列-0923-衬衫1-1-新 - 广告副本,不动,15,5,14.43,44.05,29.62,0.55,1.144,1067,0.094
新销量广告系列-0923-衬衫1-1-新 - 广告副本,加预算,18.0,1,18.26,49.84,31.57,0.78,1.1,1126,0.057
新销量广告系列-0923-衬衫1-1-新 - 广告副本,加预算,18.0,2,17.16,51.58,34.42,0.71,1.111,1044,0.066
新销量广告系列-0923-衬衫1-1-新 - 广告副本,加预算,18.0,3,18.56,52.29,33.73,0.79,1.122,1199,0.076
新销量广告系列-0923-衬衫1-1-新 - 广告副本,加预算,18.0,4,18.0,46.07,28.07,0.69,1.133,1075,0.085
新销量广告系列-0923-衬衫1-1-新 - 广告副本,加预算,18.0,5,17.13,52.94,35.81,0.66,1.144,1067,0.094
新互动广告系列-0923-衬衫2-1-新,不动,30,1,30.25,26.94,-3.31,0.39,1.268,1761,0.011
新互动广告系列-0923-衬衫2-1-新,不动,30,2,30.49,32.84,2.35,0.41,1.27,1922,0.013
新互动广告系列-0923-衬衫2-1-新,不动,30,3,32.33,21.84,-10.49,0.4,1.273,1904,0.015
新互动广告系列-0923-衬衫2-1-新,不动,30,4,28.72,24.92,-3.8,0.35,1.275,1732,0.017
新互动广告系列-0923-衬衫2-1-新,不动,30,5,30.37,24.26,-6.11,0.4,1.278,2035,0.019
新互动广告系列-0923-衬衫2-1-新,加预算,36.0,1,36.3,33.27,-3.03,0.48,1.268,1761,0.011
新互动广告系列-0923-衬衫2-1-新,加预算,36.0,2,36.59,40.56,3.97,0.51,1.27,1922,0.013
新互动广告系列-0923-衬衫2-1-新,加预算,36.0,3,38.8,26.97,-11.83,0.49,1.273,1904,0.015
新互动广告系列-0923-衬衫2-1-新,加预算,36.0,4,34.47,30.78,-3.69,0.43,1.275,1732,0.017
新互动广告系列-0923-衬衫2-1-新,加预算,36.0,5,36.44,29.96,-6.48,0.5,1.278,2035,0.019
新销量广告系列-0923-衬衫2-1-新 - 广告副本,不动,30,1,30.99,38.07,7.08,0.66,1.139,1969,0.019
新销量广告系列-0923-衬衫2-1-新 - 广告副本,不动,30,2,30.56,44.11,13.55,0.69,1.143,2123,0.022
新销量广告系列-0923-衬衫2-1-新 - 广告副本,不动,30,3,28.57,39.12,10.55,0.62,1.146,1951,0.025
新销量广告系列-0923-衬衫2-1-新 - 广告副本,不动,30,4,30.15,40.74,10.59,0.68,1.149,2174,0.028
新销量广告系列-0923-衬衫2-1-新 - 广告副本,不动,30,5,29.45,34.12,4.67,0.61,1.153,1985,0.031
新销量广告系列-0923-衬衫2-1-新 - 广告副本,加预算,36.0,1,37.18,44.03,6.85,0.76,1.139,1969,0.019
新销量广告系列-0923-衬衫2-1-新 - 广告副本,加预算,36.0,2,36.67,51.02,14.35,0.8,1.143,2123,0.022
新销量广告系列-0923-衬衫2-1-新 - 广告副本,加预算,36.0,3,34.29,45.25,10.96,0.72,1.146,1951,0.025
新销量广告系列-0923-衬衫2-1-新 - 广告副本,加预算,36.0,4,36.18,47.12,10.94,0.79,1.149,2174,0.028
新销量广告系列-0923-衬衫2-1-新 - 广告副本,加预算,36.0,5,35.34,39.46,4.12,0.7,1.153,1985,0.031
新销量广告系列-0923-衬衫3-1-新,不动,25,1,25.09,61.37,36.28,1.05,1.256,1557,0.007
新销量广告系列-0923-衬衫3-1-新,不动,25,2,23.83,77.0,53.17,0.97,1.258,1454,0.008
新销量广告系列-0923-衬衫3-1-新,不动,25,3,25.2,73.97,48.77,1.1,1.259,1678,0.01
新销量广告系列-0923-衬衫3-1-新,不动,25,4,24.51,63.75,39.24,1.05,1.261,1612,0.011
新销量广告系列-0923-衬衫3-1-新,不动,25,5,24.85,68.63,43.77,1.05,1.262,1645,0.012
新销量广告系列-0923-衬衫3-1-新,加预算,30.0,1,30.11,74.9,44.79,1.28,1.256,1557,0.007
新销量广告系列-0923-衬衫3-1-新,加预算,30.0,2,28.6,93.97,65.38,1.18,1.258,1454,0.008
新销量广告系列-0923-衬衫3-1-新,加预算,30.0,3,30.24,90.28,60.04,1.35,1.259,1678,0.01
新销量广告系列-0923-衬衫3-1-新,加预算,30.0,4,29.42,77.81,48.39,1.28,1.261,1612,0.011
新销量广告系列-0923-衬衫3-1-新,加预算,30.0,5,29.82,83.76,53.94,1.29,1.262,1645,0.012
新销量广告系列-0923-短裤1-1-新,不动,25,1,25.93,77.2,51.27,1.23,1.074,2154,0.022
新销量广告系列-0923-短裤1-1-新,不动,25,2,23.97,61.44,37.47,1.1,1.077,1924,0.025
新销量广告系列-0923-短裤1-1-新,不动,25,3,26.7,72.19,45.49,1.24,1.081,2188,0.029
新销量广告系列-0923-短裤1-1-新,不动,25,4,24.96,63.84,38.88,1.23,1.085,2167,0.033
新销量广告系列-0923-短裤1-1-新,不动,25,5,25.32,81.36,56.04,1.28,1.09,2263,0.036
新销量广告系列-0923-短裤1-1-新,加预算,30.0,1,31.11,93.89,62.78,1.5,1.074,2154,0.022
新销量广告系列-0923-短裤1-1-新,加预算,30.0,2,28.77,74.72,45.96,1.33,1.077,1924,0.025
新销量广告系列-0923-短裤1-1-新,加预算,30.0,3,32.04,87.8,55.76,1.51,1.081,2188,0.029
新销量广告系列-0923-短裤1-1-新,加预算,30.0,4,29.95,77.64,47.69,1.49,1.085,2167,0.033
新销量广告系列-0923-短裤1-1-新,加预算,30.0,5,30.39,98.96,68.57,1.55,1.09,2263,0.036
新流量广告系列-0923-短裤1-1-新 - 广告副本,不动,30,1,10.45,3.12,-7.32,0.08,1.203,839,0.002
新流量广告系列-0923-短裤1-1-新 - 广告副本,不动,30,2,10.1,3.37,-6.73,0.07,1.203,796,0.003
新流量广告系列-0923-短裤1-1-新 - 广告副本,不动,30,3,10.49,2.75,-7.74,0.07,1.203,751,0.003
新流量广告系列-0923-短裤1-1-新 - 广告副本,不动,30,4,10.89,3.81,-7.08,0.07,1.204,758,0.003
新流量广告系列-0923-短裤1-1-新 - 广告副本,不动,30,5,11.48,3.55,-7.93,0.07,1.204,811,0.004
新流量广告系列-0923-短裤1-1-新 - 广告副本,加预算,36.0,1,10.45,3.19,-7.26,0.08,1.203,839,0.002
新流量广告系列-0923-短裤1-1-新 - 广告副本,加预算,36.0,2,10.1,3.45,-6.66,0.07,1.203,796,0.003
新流量广告系列-0923-短裤1-1-新 - 广告副本,加预算,36.0,3,10.49,2.81,-7.68,0.07,1.203,751,0.003
新流量广告系列-0923-短裤1-1-新 - 广告副本,加预算,36.0,4,10.89,3.89,-7.0,0.07,1.204,758,0.003
新流量广告系列-0923-短裤1-1-新 - 广告副本,加预算,36.0,5,11.48,3.63,-7.86,0.07,1.204,811,0.004
新销量广告系列-0923-短裤2-1-新,不动,10,1,7.32,54.47,47.15,0.9,1.113,534,0.005
新销量广告系列-0923-短裤2-1-新,不动,10,2,8.31,55.02,46.71,1.13,1.114,683,0.006
新销量广告系列-0923-短裤2-1-新,不动,10,3,8.16,44.87,36.71,1.0,1.115,617,0.007
新销量广告系列-0923-短裤2-1-新,不动,10,4,8.37,61.14,52.78,0.95,1.116,601,0.008
新销量广告系列-0923-短裤2-1-新,不动,10,5,8.13,43.96,35.83,0.94,1.117,604,0.008
新销量广告系列-0923-短裤2-1-新,加预算,12.0,1,7.32,56.8,49.48,0.94,1.113,534,0.005
新销量广告系列-0923-短裤2-1-新,加预算,12.0,2,8.31,57.37,49.06,1.18,1.114,683,0.006
新销量广告系列-0923-短裤2-1-新,加预算,12.0,3,8.16,46.79,38.63,1.04,1.115,617,0.007
新销量广告系列-0923-短裤2-1-新,加预算,12.0,4,8.37,63.76,55.39,0.99,1.116,601,0.008
新销量广告系列-0923-短裤2-1-新,加预算,12.0,5,8.13,45.84,37.71,0.98,1.117,604,0.008
新销量广告系列-0923-短裤2-1-新 - 广告副本,不动,30,1,29.7,46.83,17.13,1.02,1.056,2281,0.022
新销量广告系列-0923-短裤2-1-新 - 广告副本,不动,30,2,29.9,42.17,12.27,1.18,1.06,2625,0.026
新销量广告系列-0923-短裤2-1-新 - 广告副本,不动,30,3,29.66,50.62,20.96,1.15,1.064,2577,0.029
新销量广告系列-0923-短裤2-1-新 - 广告副本,不动,30,4,30.07,35.44,5.37,1.01,1.068,2253,0.033
新销量广告系列-0923-短裤2-1-新 - 广告副本,不动,30,5,31.31,54.31,23.01,1.09,1.072,2447,0.036
新销量广告系列-0923-短裤2-1-新 - 广告副本,加预算,36.0,1,35.64,50.37,14.73,1.1,1.056,2281,0.022
新销量广告系列-0923-短裤2-1-新 - 广告副本,加预算,36.0,2,35.88,45.36,9.48,1.27,1.06,2625,0.026
新销量广告系列-0923-短裤2-1-新 - 广告副本,加预算,36.0,3,35.59,54.45,18.86,1.24,1.064,2577,0.029
新销量广告系列-0923-短裤2-1-新 - 广告副本,加预算,36.0,4,36.09,38.13,2.04,1.08,1.068,2253,0.033
新销量广告系列-0923-短裤2-1-新 - 广告副本,加预算,36.0,5,37.57,58.43,20.86,1.17,1.072,2447,0.036
新互动广告系列-0923-短裤3-1-新,不动,50,1,50.72,25.44,-25.28,0.46,1.255,3400,0.085
新互动广告系列-0923-短裤3-1-新,不动,50,2,49.25,23.73,-25.51,0.46,1.274,3398,0.099
新互动广告系列-0923-短裤3-1-新,不动,50,3,50.38,28.21,-22.17,0.49,1.294,3694,0.113
新互动广告系列-0923-短裤3-1-新,不动,50,4,52.76,25.8,-26.95,0.49,1.315,3728,0.128
新互动广告系列-0923-短裤3-1-新,不动,50,5,48.2,21.72,-26.48,0.39,1.335,2974,0.14
新互动广告系列-0923-短裤3-1-新,加预算,60.0,1,60.86,29.39,-31.47,0.54,1.255,3400,0.085
新互动广告系列-0923-短裤3-1-新,加预算,60.0,2,59.09,27.41,-31.68,0.53,1.274,3398,0.099
新互动广告系列-0923-短裤3-1-新,加预算,60.0,3,60.46,32.59,-27.87,0.57,1.294,3694,0.113
新互动广告系列-0923-短裤3-1-新,加预算,60.0,4,63.31,29.81,-33.5,0.57,1.315,3728,0.128
新互动广告系列-0923-短裤3-1-新,加预算,60.0,5,57.84,25.09,-32.74,0.45,1.335,2974,0.14
新销量广告系列-0923-鞋1-1-新,不动,15,1,14.9,33.0,18.1,0.27,1.173,738,0.015
新销量广告系列-0923-鞋1-1-新,不动,15,2,13.63,23.28,9.65,0.24,1.175,653,0.017
新销量广告系列-0923-鞋1-1-新,不动,15,3,14.2,36.31,22.11,0.25,1.178,685,0.02
新销量广告系列-0923-鞋1-1-新,不动,15,4,15.1,32.4,17.3,0.24,1.18,658,0.022
新销量广告系列-0923-鞋1-1-新,不动,15,5,14.9,32.32,17.41,0.27,1.183,757,0.024
新销量广告系列-0923-鞋1-1-新,加预算,18.0,1,15.98,34.8,18.82,0.29,1.173,738,0.015
新销量广告系列-0923-鞋1-1-新,加预算,18.0,2,15.54,26.1,10.56,0.27,1.175,653,0.017
新销量广告系列-0923-鞋1-1-新,加预算,18.0,3,16.63,41.84,25.2,0.29,1.178,685,0.02
新销量广告系列-0923-鞋1-1-新,加预算,18.0,4,16.06,33.88,17.82,0.25,1.18,658,0.022
新销量广告系列-0923-鞋1-1-新,加预算,18.0,5,17.87,38.1,20.24,0.32,1.183,757,0.024
新销量广告系列-0923-鞋1-1-新 - 广告副本,不动,10,1,6.58,9.19,2.62,0.07,1.093,384,0.001
新销量广告系列-0923-鞋1-1-新 - 广告副本,不动,10,2,6.54,10.68,4.14,0.07,1.093,373,0.001
新销量广告系列-0923-鞋1-1-新 - 广告副本,不动,10,3,6.16,7.43,1.28,0.06,1.093,351,0.002
新销量广告系列-0923-鞋1-1-新 - 广告副本,不动,10,4,6.5,10.21,3.71,0.06,1.093,372,0.002
新销量广告系列-0923-鞋1-1-新 - 广告副本,不动,10,5,6.56,7.9,1.34,0.06,1.094,380,0.002
新销量广告系列-0923-鞋1-1-新 - 广告副本,加预算,12.0,1,6.58,9.1,2.52,0.07,1.093,384,0.001
新销量广告系列-0923-鞋1-1-新 - 广告副本,加预算,12.0,2,6.54,10.58,4.04,0.07,1.093,373,0.001
新销量广告系列-0923-鞋1-1-新 - 广告副本,加预算,12.0,3,6.16,7.36,1.2,0.06,1.093,351,0.002
新销量广告系列-0923-鞋1-1-新 - 广告副本,加预算,12.0,4,6.5,10.11,3.61,0.06,1.093,372,0.002
新销量广告系列-0923-鞋1-1-新 - 广告副本,加预算,12.0,5,6.56,7.82,1.26,0.06,1.094,380,0.002
新销量广告系列-0923-鞋2-1-新,不动,30,1,29.94,50.02,20.09,0.48,1.129,1463,0.014
新销量广告系列-0923-鞋2-1-新,不动,30,2,30.22,55.66,25.44,0.47,1.132,1431,0.016
新销量广告系列-0923-鞋2-1-新,不动,30,3,31.45,50.96,19.5,0.51,1.135,1556,0.018
新销量广告系列-0923-鞋2-1-新,不动,30,4,30.21,64.54,34.33,0.48,1.137,1476,0.021
新销量广告系列-0923-鞋2-1-新,不动,30,5,28.99,55.45,26.47,0.44,1.14,1334,0.023
新销量广告系列-0923-鞋2-1-新,加预算,36.0,1,35.92,60.46,24.54,0.58,1.129,1463,0.014
新销量广告系列-0923-鞋2-1-新,加预算,36.0,2,36.27,67.27,31.01,0.57,1.132,1431,0.016
新销量广告系列-0923-鞋2-1-新,加预算,36.0,3,37.74,61.59,23.84,0.62,1.135,1556,0.018
新销量广告系列-0923-鞋2-1-新,加预算,36.0,4,36.25,78.0,41.76,0.58,1.137,1476,0.021
新销量广告系列-0923-鞋2-1-新,加预算,36.0,5,34.78,67.02,32.24,0.53,1.14,1334,0.023
新销量广告系列-0923-鞋2-1-新 - 广告副本,不动,25,1,25.82,42.3,16.48,0.36,1.312,1179,0.211
新销量广告系列-0923-鞋2-1-新 - 广告副本,不动,25,2,24.43,37.24,12.81,0.35,1.363,1114,0.241
新销量广告系列-0923-鞋2-1-新 - 广告副本,不动,25,3,23.73,43.96,20.22,0.33,1.416,1023,0.268
新销量广告系列-0923-鞋2-1-新 - 广告副本,不动,25,4,25.38,45.86,20.48,0.34,1.47,1042,0.296
新销量广告系列-0923-鞋2-1-新 - 广告副本,不动,25,5,25.26,40.85,15.58,0.36,1.53,1065,0.324
新销量广告系列-0923-鞋2-1-新 - 广告副本,加预算,30.0,1,28.46,39.38,10.92,0.34,1.312,1179,0.211
新销量广告系列-0923-鞋2-1-新 - 广告副本,加预算,30.0,2,28.87,37.17,8.3,0.35,1.363,1114,0.241
新销量广告系列-0923-鞋2-1-新 - 广告副本,加预算,30.0,3,28.48,44.56,16.08,0.33,1.416,1023,0.268
新销量广告系列-0923-鞋2-1-新 - 广告副本,加预算,30.0,4,30.46,46.49,16.03,0.35,1.47,1042,0.296
新销量广告系列-0923-鞋2-1-新 - 广告副本,加预算,30.0,5,28.96,39.55,10.59,0.34,1.53,1065,0.324
新销量广告系列-0923-鞋3-1-新,不动,20,1,11.83,23.21,11.37,0.2,1.196,647,0.003
新销量广告系列-0923-鞋3-1-新,不动,20,2,12.51,18.37,5.85,0.2,1.197,663,0.003
新销量广告系列-0923-鞋3-1-新,不动,20,3,11.45,13.96,2.51,0.16,1.197,566,0.003
新销量广告系列-0923-鞋3-1-新,不动,20,4,12.65,15.67,3.02,0.18,1.198,646,0.004
新销量广告系列-0923-鞋3-1-新,不动,20,5,12.2,17.15,4.95,0.17,1.199,630,0.004
新销量广告系列-0923-鞋3-1-新,加预算,24.0,1,11.83,23.36,11.53,0.2,1.196,647,0.003
新销量广告系列-0923-鞋3-1-新,加预算,24.0,2,12.51,18.49,5.98,0.2,1.197,663,0.003
新销量广告系列-0923-鞋3-1-新,加预算,24.0,3,11.45,14.05,2.6,0.16,1.197,566,0.003
新销量广告系列-0923-鞋3-1-新,加预算,24.0,4,12.65,15.78,3.13,0.18,1.198,646,0.004
新销量广告系列-0923-鞋3-1-新,加预算,24.0,5,12.2,17.27,5.06,0.17,1.199,630,0.004
新销量广告系列-0923-袜子1-1-新,不动,20,1,9.49,72.5,63.01,2.09,1.159,1047,0.105
新销量广告系列-0923-袜子1-1-新,不动,20,2,9.79,55.55,45.76,1.88,1.184,940,0.123
新销量广告系列-0923-袜子1-1-新,不动,20,3,9.09,57.25,48.16,1.72,1.207,860,0.139
新销量广告系列-0923-袜子1-1-新,不动,20,4,9.3,48.2,38.9,1.76,1.231,881,0.156
新销量广告系列-0923-袜子1-1-新,不动,20,5,9.74,57.05,47.31,1.71,1.255,855,0.173
新销量广告系列-0923-袜子1-1-新,加预算,24.0,1,9.49,63.74,54.25,1.84,1.159,1047,0.105
新销量广告系列-0923-袜子1-1-新,加预算,24.0,2,9.79,48.84,39.05,1.65,1.184,940,0.123
新销量广告系列-0923-袜子1-1-新,加预算,24.0,3,9.09,50.33,41.25,1.51,1.207,860,0.139
新销量广告系列-0923-袜子1-1-新,加预算,24.0,4,9.3,42.38,33.08,1.55,1.231,881,0.156
新销量广告系列-0923-袜子1-1-新,加预算,24.0,5,9.74,50.16,40.42,1.51,1.255,855,0.173
新销量广告系列-0923-袜子1-1-新 - 广告副本,不动,25,1,25.11,120.32,95.21,4.08,1.113,2670,0.036
新销量广告系列-0923-袜子1-1-新 - 广告副本,不动,25,2,25.83,106.42,80.59,4.28,1.12,2835,0.042
新销量广告系列-0923-袜子1-1-新 - 广告副本,不动,25,3,23.71,100.87,77.16,3.56,1.127,2389,0.048
新销量广告系列-0923-袜子1-1-新 - 广告副本,不动,25,4,25.6,92.98,67.39,3.62,1.134,2456,0.053
新销量广告系列-0923-袜子1-1-新 - 广告副本,不动,25,5,22.94,82.51,59.57,3.07,1.14,2110,0.058
新销量广告系列-0923-袜子1-1-新 - 广告副本,加预算,30.0,1,30.13,160.61,130.48,5.44,1.113,2670,0.036
新销量广告系列-0923-袜子1-1-新 - 广告副本,加预算,30.0,2,30.99,142.06,111.06,5.71,1.12,2835,0.042
新销量广告系列-0923-袜子1-1-新 - 广告副本,加预算,30.0,3,28.45,134.65,106.19,4.76,1.127,2389,0.048
新销量广告系列-0923-袜子1-1-新 - 广告副本,加预算,30.0,4,30.71,124.12,93.4,4.83,1.134,2456,0.053
新销量广告系列-0923-袜子1-1-新 - 广告副本,加预算,30.0,5,27.53,110.14,82.61,4.1,1.14,2110,0.058
新互动广告系列-0923-袜子2-1-新,不动,10,1,10.24,5.95,-4.28,0.23,1.211,955,0.012
新互动广告系列-0923-袜子2-1-新,不动,10,2,10.46,6.72,-3.74,0.25,1.214,1019,0.014
新互动广告系列-0923-袜子2-1-新,不动,10,3,10.4,5.14,-5.26,0.26,1.216,1053,0.016
新互动广告系列-0923-袜子2-1-新,不动,10,4,9.83,5.55,-4.28,0.24,1.218,971,0.018
新互动广告系列-0923-袜子2-1-新,不动,10,5,10.1,5.87,-4.23,0.23,1.221,961,0.02
新互动广告系列-0923-袜子2-1-新,加预算,12.0,1,12.28,7.54,-4.75,0.3,1.211,955,0.012
新互动广告系列-0923-袜子2-1-新,加预算,12.0,2,12.56,8.51,-4.04,0.31,1.214,1019,0.014
新互动广告系列-0923-袜子2-1-新,加预算,12.0,3,12.48,6.51,-5.97,0.32,1.216,1053,0.016
新互动广告系列-0923-袜子2-1-新,加预算,12.0,4,11.8,7.03,-4.77,0.3,1.218,971,0.018
新互动广告系列-0923-袜子2-1-新,加预算,12.0,5,12.12,7.44,-4.69,0.29,1.221,961,0.02
新销量广告系列-0923-袜子2-1-新 - 广告副本,不动,15,1,10.35,29.74,19.39,1.14,1.171,995,0.002
新销量广告系列-0923-袜子2-1-新 - 广告副本,不动,15,2,9.55,25.7,16.15,0.96,1.172,848,0.002
新销量广告系列-0923-袜子2-1-新 - 广告副本,不动,15,3,9.66,27.78,18.11,1.01,1.172,914,0.003
新销量广告系列-0923-袜子2-1-新 - 广告副本,不动,15,4,10.09,28.57,18.48,1.05,1.172,964,0.003
新销量广告系列-0923-袜子2-1-新 - 广告副本,不动,15,5,9.62,27.58,17.95,0.88,1.173,820,0.003
新销量广告系列-0923-袜子2-1-新 - 广告副本,加预算,18.0,1,10.35,26.58,16.23,1.02,1.171,995,0.002
新销量广告系列-0923-袜子2-1-新 - 广告副本,加预算,18.0,2,9.55,22.98,13.43,0.85,1.172,848,0.002
新销量广告系列-0923-袜子2-1-新 - 广告副本,加预算,18.0,3,9.66,24.83,15.17,0.91,1.172,914,0.003
新销量广告系列-0923-袜子2-1-新 - 广告副本,加预算,18.0,4,10.09,25.54,15.45,0.94,1.172,964,0.003
新销量广告系列-0923-袜子2-1-新 - 广告副本,加预算,18.0,5,9.62,24.65,15.03,0.79,1.173,820,0.003
新流量广告系列-0923-袜子3-1-新,不动,15,1,12.57,25.0,12.42,0.9,1.234,1200,0.004
新流量广告系列-0923-袜子3-1-新,不动,15,2,12.51,23.99,11.48,0.9,1.235,1234,0.005
新流量广告系列-0923-袜子3-1-新,不动,15,3,13.86,32.88,19.02,1.07,1.236,1492,0.006
新流量广告系列-0923-袜子3-1-新,不动,15,4,13.43,30.88,17.45,0.81,1.237,1147,0.007
新流量广告系列-0923-袜子3-1-新,不动,15,5,12.65,24.17,11.53,0.78,1.238,1126,0.008
新流量广告系列-0923-袜子3-1-新,加预算,18.0,1,12.57,23.85,11.28,0.86,1.234,1200,0.004
新流量广告系列-0923-袜子3-1-新,加预算,18.0,2,12.51,22.89,10.38,0.86,1.235,1234,0.005
新流量广告系列-0923-袜子3-1-新,加预算,18.0,3,13.86,31.38,17.52,1.02,1.236,1492,0.006
新流量广告系列-0923-袜子3-1-新,加预算,18.0,4,13.43,29.47,16.04,0.77,1.237,1147,0.007
新流量广告系列-0923-袜子3-1-新,加预算,18.0,5,12.65,23.07,10.42,0.74,1.238,1126,0.008
新流量广告系列-0923-内衣1-1-新,不动,20,1,20.01,28.48,8.47,0.47,1.05,1485,0.009
新流量广告系列-0923-内衣1-1-新,不动,20,2,20.33,26.16,5.83,0.48,1.052,1559,0.011
新流量广告系列-0923-内衣1-1-新,不动,20,3,19.06,24.63,5.56,0.37,1.053,1214,0.012
新流量广告系列-0923-内衣1-1-新,不动,20,4,19.87,18.88,-0.98,0.37,1.055,1208,0.013
新流量广告系列-0923-内衣1-1-新,不动,20,5,20.07,21.86,1.79,0.41,1.056,1371,0.015
新流量广告系列-0923-内衣1-1-新,加预算,24.0,1,24.01,34.37,10.36,0.57,1.05,1485,0.009
新流量广告系列-0923-内衣1-1-新,加预算,24.0,2,24.4,31.57,7.17,0.59,1.052,1559,0.011
新流量广告系列-0923-内衣1-1-新,加预算,24.0,3,22.87,29.72,6.84,0.45,1.053,1214,0.012
新流量广告系列-0923-内衣1-1-新,加预算,24.0,4,23.84,22.79,-1.05,0.44,1.055,1208,0.013
新流量广告系列-0923-内衣1-1-新,加预算,24.0,5,24.08,26.37,2.29,0.49,1.056,1371,0.015
新销量广告系列-0923-内衣1-1-新 - 广告副本,不动,10,1,10.22,35.7,25.47,0.51,1.121,718,0.005
新销量广告系列-0923-内衣1-1-新 - 广告副本,不动,10,2,10.13,33.63,23.5,0.48,1.122,684,0.005
新销量广告系列-0923-内衣1-1-新 - 广告副本,不动,10,3,10.31,38.35,28.04,0.47,1.123,678,0.006
新销量广告系列-0923-内衣1-1-新 - 广告副本,不动,10,4,10.01,28.47,18.46,0.45,1.123,658,0.007
新销量广告系列-0923-内衣1-1-新 - 广告副本,不动,10,5,10.5,29.22,18.72,0.49,1.124,723,0.008
新销量广告系列-0923-内衣1-1-新 - 广告副本,加预算,12.0,1,12.27,40.69,28.43,0.58,1.121,718,0.005
新销量广告系列-0923-内衣1-1-新 - 广告副本,加预算,12.0,2,12.15,38.34,26.19,0.55,1.122,684,0.005
新销量广告系列-0923-内衣1-1-新 - 广告副本,加预算,12.0,3,12.37,43.72,31.35,0.54,1.123,678,0.006
新销量广告系列-0923-内衣1-1-新 - 广告副本,加预算,12.0,4,12.01,32.46,20.45,0.51,1.123,658,0.007
新销量广告系列-0923-内衣1-1-新 - 广告副本,加预算,12.0,5,12.6,33.31,20.71,0.56,1.124,723,0.008
新互动广告系列-0923-内衣2-1-新,不动,20,1,18.93,4.4,-14.53,0.07,1.045,1497,0.006
新互动广告系列-0923-内衣2-1-新,不动,20,2,19.03,4.17,-14.87,0.06,1.045,1440,0.006
新互动广告系列-0923-内衣2-1-新,不动,20,3,20.11,4.69,-15.42,0.07,1.046,1685,0.007
新互动广告系列-0923-内衣2-1-新,不动,20,4,19.48,3.98,-15.49,0.06,1.047,1531,0.008
新互动广告系列-0923-内衣2-1-新,不动,20,5,19.8,5.87,-13.93,0.07,1.048,1681,0.009
新互动广告系列-0923-内衣2-1-新,加预算,24.0,1,22.04,5.26,-16.79,0.08,1.045,1497,0.006
新互动广告系列-0923-内衣2-1-新,加预算,24.0,2,22.73,5.11,-17.62,0.08,1.045,1440,0.006
新互动广告系列-0923-内衣2-1-新,加预算,24.0,3,20.78,4.97,-15.8,0.07,1.046,1685,0.007
新互动广告系列-0923-内衣2-1-新,加预算,24.0,4,21.47,4.51,-16.96,0.07,1.047,1531,0.008
新互动广告系列-0923-内衣2-1-新,加预算,24.0,5,19.8,6.02,-13.78,0.07,1.048,1681,0.009
新销量广告系列-0923-内衣2-1-新 - 广告副本,不动,15,1,8.42,23.69,15.27,0.33,1.113,624,0.002
新销量广告系列-0923-内衣2-1-新 - 广告副本,不动,15,2,9.07,25.21,16.13,0.36,1.114,698,0.003
新销量广告系列-0923-内衣2-1-新 - 广告副本,不动,15,3,9.62,23.82,14.2,0.4,1.114,776,0.003
新销量广告系列-0923-内衣2-1-新 - 广告副本,不动,15,4,8.87,19.28,10.41,0.31,1.115,620,0.003
新销量广告系列-0923-内衣2-1-新 - 广告副本,不动,15,5,8.84,19.2,10.37,0.32,1.115,653,0.003
新销量广告系列-0923-内衣2-1-新 - 广告副本,加预算,18.0,1,8.42,22.49,14.07,0.31,1.113,624,0.002
新销量广告系列-0923-内衣2-1-新 - 广告副本,加预算,18.0,2,9.07,23.93,14.85,0.34,1.114,698,0.003
新销量广告系列-0923-内衣2-1-新 - 广告副本,加预算,18.0,3,9.62,22.61,12.99,0.38,1.114,776,0.003
新销量广告系列-0923-内衣2-1-新 - 广告副本,加预算,18.0,4,8.87,18.3,9.43,0.3,1.115,620,0.003
新销量广告系列-0923-内衣2-1-新 - 广告副本,加预算,18.0,5,8.84,18.23,9.39,0.31,1.115,653,0.003
新互动广告系列-0923-内衣3-1-新,不动,25,1,24.82,30.55,5.73,0.38,1.137,1729,0.025
新互动广告系列-0923-内衣3-1-新,不动,25,2,24.72,28.24,3.52,0.4,1.142,1848,0.029
新互动广告系列-0923-内衣3-1-新,不动,25,3,25.68,20.96,-4.72,0.35,1.146,1597,0.033
新互动广告系列-0923-内衣3-1-新,不动,25,4,24.22,20.4,-3.82,0.34,1.151,1609,0.037
新互动广告系列-0923-内衣3-1-新,不动,25,5,25.17,22.85,-2.32,0.35,1.156,1688,0.041
新互动广告系列-0923-内衣3-1-新,加预算,30.0,1,29.23,37.78,8.56,0.48,1.137,1729,0.025
新互动广告系列-0923-内衣3-1-新,加预算,30.0,2,28.22,33.86,5.64,0.49,1.142,1848,0.029
新互动广告系列-0923-内衣3-1-新,加预算,30.0,3,26.93,23.09,-3.84,0.38,1.146,1597,0.033
新互动广告系列-0923-内衣3-1-新,加预算,30.0,4,28.17,24.92,-3.25,0.42,1.151,1609,0.037
新互动广告系列-0923-内衣3-1-新,加预算,30.0,5,29.67,28.3,-1.38,0.44,1.156,1688,0.041
新销量广告系列-0923-毛衣1-1-新,不动,10,1,9.72,41.65,31.93,0.42,1.266,482,0.005
新销量广告系列-0923-毛衣1-1-新,不动,10,2,10.02,38.39,28.37,0.41,1.268,479,0.006
新销量广告系列-0923-毛衣1-1-新,不动,10,3,10.52,51.62,41.1,0.41,1.269,476,0.007
新销量广告系列-0923-毛衣1-1-新,不动,10,4,10.44,36.08,25.64,0.39,1.27,454,0.008
新销量广告系列-0923-毛衣1-1-新,不动,10,5,10.42,40.71,30.29,0.4,1.271,466,0.009
新销量广告系列-0923-毛衣1-1-新,加预算,12.0,1,11.67,53.68,42.02,0.54,1.266,482,0.005
新销量广告系列-0923-毛衣1-1-新,加预算,12.0,2,12.03,49.47,37.45,0.53,1.268,479,0.006
新销量广告系列-0923-毛衣1-1-新,加预算,12.0,3,12.62,66.52,53.9,0.53,1.269,476,0.007
新销量广告系列-0923-毛衣1-1-新,加预算,12.0,4,12.53,46.5,33.97,0.51,1.27,454,0.008
新销量广告系列-0923-毛衣1-1-新,加预算,12.0,5,12.5,52.47,39.97,0.52,1.271,466,0.009
新销量广告系列-0923-毛衣1-1-新 - 广告副本,不动,20,1,6.07,7.46,1.38,0.09,1.252,367,0.001
新销量广告系列-0923-毛衣1-1-新 - 广告副本,不动,20,2,6.41,8.43,2.02,0.09,1.252,382,0.001
新销量广告系列-0923-毛衣1-1-新 - 广告副本,不动,20,3,6.19,6.98,0.79,0.09,1.253,363,0.001
新销量广告系列-0923-毛衣1-1-新 - 广告副本,不动,20,4,6.46,7.85,1.39,0.09,1.253,356,0.001
新销量广告系列-0923-毛衣1-1-新 - 广告副本,不动,20,5,6.9,8.14,1.24,0.1,1.253,434,0.002
新销量广告系列-0923-毛衣1-1-新 - 广告副本,加预算,24.0,1,6.07,7.99,1.91,0.09,1.252,367,0.001
新销量广告系列-0923-毛衣1-1-新 - 广告副本,加预算,24.0,2,6.41,9.03,2.62,0.1,1.252,382,0.001
新销量广告系列-0923-毛衣1-1-新 - 广告副本,加预算,24.0,3,6.19,7.48,1.29,0.09,1.253,363,0.001
新销量广告系列-0923-毛衣1-1-新 - 广告副本,加预算,24.0,4,6.46,8.41,1.95,0.09,1.253,356,0.001
新销量广告系列-0923-毛衣1-1-新 - 广告副本,加预算,24.0,5,6.9,8.72,1.82,0.11,1.253,434,0.002
新互动广告系列-0923-毛衣2-1-新,不动,25,1,12.77,10.14,-2.62,0.14,1.141,794,0.073
新互动广告系列-0923-毛衣2-1-新,不动,25,2,12.34,10.66,-1.68,0.13,1.156,768,0.085
新互动广告系列-0923-毛衣2-1-新,不动,25,3,12.06,9.77,-2.3,0.11,1.171,675,0.096
新互动广告系列-0923-毛衣2-1-新,不动,25,4,12.04,8.1,-3.94,0.09,1.184,585,0.105
新互动广告系列-0923-毛衣2-1-新,不动,25,5,12.06,9.26,-2.79,0.12,1.198,727,0.117
新互动广告系列-0923-毛衣2-1-新,加预算,30.0,1,12.77,9.49,-3.27,0.13,1.141,794,0.073
新互动广告系列-0923-毛衣2-1-新,加预算,30.0,2,12.34,9.98,-2.36,0.12,1.156,768,0.085
新互动广告系列-0923-毛衣2-1-新,加预算,30.0,3,12.06,9.14,-2.92,0.1,1.171,675,0.096
新互动广告系列-0923-毛衣2-1-新,加预算,30.0,4,12.04,7.59,-4.45,0.09,1.184,585,0.105
新互动广告系列-0923-毛衣2-1-新,加预算,30.0,5,12.06,8.67,-3.38,0.11,1.198,727,0.117
新销量广告系列-0923-毛衣2-1-新 - 广告副本,不动,50,1,39.44,220.19,180.76,1.6,1.047,2646,0.021
新销量广告系列-0923-毛衣2-1-新 - 广告副本,不动,50,2,41.86,173.28,131.42,1.55,1.051,2577,0.025
新销量广告系列-0923-毛衣2-1-新 - 广告副本,不动,50,3,38.9,131.54,92.64,1.47,1.055,2442,0.028
新销量广告系列-0923-毛衣2-1-新 - 广告副本,不动,50,4,41.98,150.23,108.25,1.5,1.058,2502,0.032
新销量广告系列-0923-毛衣2-1-新 - 广告副本,不动,50,5,38.31,135.7,97.38,1.51,1.062,2524,0.035
新销量广告系列-0923-毛衣2-1-新 - 广告副本,加预算,60.0,1,39.44,215.11,175.68,1.56,1.047,2646,0.021
新销量广告系列-0923-毛衣2-1-新 - 广告副本,加预算,60.0,2,41.86,169.28,127.42,1.52,1.051,2577,0.025
新销量广告系列-0923-毛衣2-1-新 - 广告副本,加预算,60.0,3,38.9,128.51,89.61,1.43,1.055,2442,0.028
新销量广告系列-0923-毛衣2-1-新 - 广告副本,加预算,60.0,4,41.98,146.77,104.78,1.46,1.058,2502,0.032
新销量广告系列-0923-毛衣2-1-新 - 广告副本,加预算,60.0,5,38.31,132.57,94.25,1.47,1.062,2524,0.035
新销量广告系列-0923-毛衣3-1-新,不动,30,1,29.61,38.06,8.45,0.42,1.105,1946,0.01
新销量广告系列-0923-毛衣3-1-新,不动,30,2,29.95,34.35,4.4,0.4,1.107,1868,0.011
新销量广告系列-0923-毛衣3-1-新,不动,30,3,29.72,33.28,3.56,0.42,1.109,1930,0.013
新销量广告系列-0923-毛衣3-1-新,不动,30,4,28.38,36.67,8.29,0.41,1.111,1917,0.014
新销量广告系列-0923-毛衣3-1-新,不动,30,5,29.52,39.35,9.83,0.41,1.112,1944,0.016
新销量广告系列-0923-毛衣3-1-新,加预算,36.0,1,35.54,45.76,10.22,0.51,1.105,1946,0.01
新销量广告系列-0923-毛衣3-1-新,加预算,36.0,2,35.94,41.29,5.36,0.49,1.107,1868,0.011
新销量广告系列-0923-毛衣3-1-新,加预算,36.0,3,35.67,40.01,4.34,0.5,1.109,1930,0.013
新销量广告系列-0923-毛衣3-1-新,加预算,36.0,4,34.06,44.08,10.02,0.49,1.111,1917,0.014
新销量广告系列-0923-毛衣3-1-新,加预算,36.0,5,35.42,47.3,11.88,0.5,1.112,1944,0.016
新销量广告系列-0923-羽绒服1-1-新,不动,30,1,13.88,9.88,-4.0,0.1,1.09,781,0.005
新销量广告系列-0923-羽绒服1-1-新,不动,30,2,15.51,10.66,-4.85,0.1,1.091,850,0.006
新销量广告系列-0923-羽绒服1-1-新,不动,30,3,15.07,12.23,-2.84,0.1,1.092,825,0.007
新销量广告系列-0923-羽绒服1-1-新,不动,30,4,14.47,11.27,-3.2,0.11,1.093,862,0.008
新销量广告系列-0923-羽绒服1-1-新,不动,30,5,14.61,11.5,-3.11,0.1,1.094,804,0.009
新销量广告系列-0923-羽绒服1-1-新,加预算,36.0,1,13.88,9.83,-4.04,0.1,1.09,781,0.005
新销量广告系列-0923-羽绒服1-1-新,加预算,36.0,2,15.51,10.62,-4.89,0.1,1.091,850,0.006
新销量广告系列-0923-羽绒服1-1-新,加预算,36.0,3,15.07,12.18,-2.89,0.1,1.092,825,0.007
新销量广告系列-0923-羽绒服1-1-新,加预算,36.0,4,14.47,11.22,-3.25,0.1,1.093,862,0.008
新销量广告系列-0923-羽绒服1-1-新,加预算,36.0,5,14.61,11.45,-3.16,0.1,1.094,804,0.009
新流量广告系列-0923-羽绒服1-1-新 - 广告副本,不动,20,1,17.05,26.68,9.64,0.12,1.087,866,0.008
新流量广告系列-0923-羽绒服1-1-新 - 广告副本,不动,20,2,17.48,22.49,5.01,0.12,1.088,864,0.009
新流量广告系列-0923-羽绒服1-1-新 - 广告副本,不动,20,3,16.71,22.6,5.89,0.12,1.09,836,0.01
新流量广告系列-0923-羽绒服1-1-新 - 广告副本,不动,20,4,16.92,20.19,3.27,0.12,1.091,830,0.012
新流量广告系列-0923-羽绒服1-1-新 - 广告副本,不动,20,5,17.04,21.16,4.11,0.11,1.092,812,0.013
新流量广告系列-0923-羽绒服1-1-新 - 广告副本,加预算,24.0,1,17.05,26.21,9.16,0.12,1.087,866,0.008
新流量广告系列-0923-羽绒服1-1-新 - 广告副本,加预算,24.0,2,17.48,22.09,4.61,0.12,1.088,864,0.009
新流量广告系列-0923-羽绒服1-1-新 - 广告副本,加预算,24.0,3,16.71,22.2,5.49,0.12,1.09,836,0.01
新流量广告系列-0923-羽绒服1-1-新 - 广告副本,加预算,24.0,4,16.92,19.83,2.91,0.11,1.091,830,0.012
新流量广告系列-0923-羽绒服1-1-新 - 广告副本,加预算,24.0,5,17.04,20.78,3.74,0.11,1.092,812,0.013
新销量广告系列-0923-羽绒服2-1-新,不动,40,1,39.68,40.41,0.73,0.2,1.178,1743,0.017
新销量广告系列-0923-羽绒服2-1-新,不动,40,2,43.07,51.92,8.85,0.2,1.181,1767,0.02
新销量广告系列-0923-羽绒服2-1-新,不动,40,3,38.79,30.3,-8.5,0.2,1.185,1791,0.023
新销量广告系列-0923-羽绒服2-1-新,不动,40,4,37.62,33.75,-3.86,0.18,1.188,1625,0.025
新销量广告系列-0923-羽绒服2-1-新,不动,40,5,39.77,32.37,-7.4,0.18,1.191,1642,0.028
新销量广告系列-0923-羽绒服2-1-新,加预算,48.0,1,47.61,47.38,-0.23,0.23,1.178,1743,0.017
新销量广告系列-0923-羽绒服2-1-新,加预算,48.0,2,51.52,60.7,9.18,0.24,1.181,1767,0.02
新销量广告系列-0923-羽绒服2-1-新,加预算,48.0,3,46.55,35.53,-11.02,0.24,1.185,1791,0.023
新销量广告系列-0923-羽绒服2-1-新,加预算,48.0,4,45.14,39.58,-5.56,0.22,1.188,1625,0.025
新销量广告系列-0923-羽绒服2-1-新,加预算,48.0,5,47.72,37.96,-9.76,0.22,1.191,1642,0.028
新销量广告系列-0923-羽绒服2-1-新 - 广告副本,不动,25,1,25.46,47.22,21.76,0.26,1.118,1318,0.007
新销量广告系列-0923-羽绒服2-1-新 - 广告副本,不动,25,2,24.95,36.74,11.79,0.27,1.119,1372,0.009
新销量广告系列-0923-羽绒服2-1-新 - 广告副本,不动,25,3,25.54,38.27,12.73,0.24,1.121,1259,0.01
新销量广告系列-0923-羽绒服2-1-新 - 广告副本,不动,25,4,26.12,53.52,27.4,0.27,1.122,1437,0.011
新销量广告系列-0923-羽绒服2-1-新 - 广告副本,不动,25,5,24.4,45.44,21.04,0.24,1.124,1341,0.013
新销量广告系列-0923-羽绒服2-1-新 - 广告副本,加预算,30.0,1,29.33,49.83,20.5,0.28,1.118,1318,0.007
新销量广告系列-0923-羽绒服2-1-新 - 广告副本,加预算,30.0,2,29.94,40.38,10.45,0.29,1.119,1372,0.009
新销量广告系列-0923-羽绒服2-1-新 - 广告副本,加预算,30.0,3,29.38,40.33,10.95,0.25,1.121,1259,0.01
新销量广告系列-0923-羽绒服2-1-新 - 广告副本,加预算,30.0,4,28.4,53.31,24.91,0.27,1.122,1437,0.011
新销量广告系列-0923-羽绒服2-1-新 - 广告副本,加预算,30.0,5,29.28,49.95,20.67,0.27,1.124,1341,0.013
新流量广告系列-0923-羽绒服3-1-新,不动,20,1,20.62,6.94,-13.68,0.04,1.355,776,0.091
新流量广告系列-0923-羽绒服3-1-新,不动,20,2,20.28,7.01,-13.27,0.04,1.377,836,0.106
新流量广告系列-0923-羽绒服3-1-新,不动,20,3,20.93,4.99,-15.94,0.03,1.399,756,0.119
新流量广告系列-0923-羽绒服3-1-新,不动,20,4,19.58,5.36,-14.22,0.03,1.419,682,0.131
新流量广告系列-0923-羽绒服3-1-新,不动,20,5,19.24,6.76,-12.48,0.03,1.44,740,0.145
新流量广告系列-0923-羽绒服3-1-新,加预算,24.0,1,24.75,6.93,-17.82,0.04,1.355,776,0.091
新流量广告系列-0923-羽绒服3-1-新,加预算,24.0,2,24.33,6.99,-17.34,0.04,1.377,836,0.106
新流量广告系列-0923-羽绒服3-1-新,加预算,24.0,3,25.12,4.99,-20.13,0.03,1.399,756,0.119
新流量广告系列-0923-羽绒服3-1-新,加预算,24.0,4,23.49,5.35,-18.14,0.03,1.419,682,0.131
新流量广告系列-0923-羽绒服3-1-新,加预算,24.0,5,23.08,6.75,-16.34,0.03,1.44,740,0.145
新流量广告系列-0923-西装1-1-新,不动,50,1,49.34,13.55,-35.79,0.12,1.12,2479,0.016
新流量广告系列-0923-西装1-1-新,不动,50,2,49.8,14.46,-35.34,0.1,1.123,2218,0.018
新流量广告系列-0923-西装1-1-新,不动,50,3,53.53,14.51,-39.02,0.12,1.126,2536,0.02
新流量广告系列-0923-西装1-1-新,不动,50,4,50.78,19.77,-31.01,0.12,1.129,2791,0.023
新流量广告系列-0923-西装1-1-新,不动,50,5,50.85,18.02,-32.83,0.1,1.132,2407,0.026
新流量广告系列-0923-西装1-1-新,加预算,60.0,1,59.21,14.86,-44.35,0.13,1.12,2479,0.016
新流量广告系列-0923-西装1-1-新,加预算,60.0,2,59.76,15.85,-43.91,0.11,1.123,2218,0.018
新流量广告系列-0923-西装1-1-新,加预算,60.0,3,64.24,15.91,-48.33,0.13,1.126,2536,0.02
新流量广告系列-0923-西装1-1-新,加预算,60.0,4,60.93,21.68,-39.26,0.14,1.129,2791,0.023
新流量广告系列-0923-西装1-1-新,加预算,60.0,5,61.02,19.75,-41.26,0.12,1.132,2407,0.026
新互动广告系列-0923-西装1-1-新 - 广告副本,不动,50,1,37.87,57.7,19.84,0.3,1.104,2077,0.003
新互动广告系列-0923-西装1-1-新 - 广告副本,不动,50,2,36.65,67.0,30.35,0.35,1.105,2430,0.004
新互动广告系列-0923-西装1-1-新 - 广告副本,不动,50,3,37.39,58.24,20.85,0.29,1.105,2026,0.004
新互动广告系列-0923-西装1-1-新 - 广告副本,不动,50,4,35.8,82.87,47.06,0.31,1.106,2225,0.005
新互动广告系列-0923-西装1-1-新 - 广告副本,不动,50,5,36.35,55.35,19.01,0.3,1.107,2184,0.005
新互动广告系列-0923-西装1-1-新 - 广告副本,加预算,60.0,1,37.87,56.9,19.03,0.3,1.104,2077,0.003
新互动广告系列-0923-西装1-1-新 - 广告副本,加预算,60.0,2,36.65,66.06,29.42,0.35,1.105,2430,0.004
新互动广告系列-0923-西装1-1-新 - 广告副本,加预算,60.0,3,37.39,57.42,20.04,0.29,1.105,2026,0.004
新互动广告系列-0923-西装1-1-新 - 广告副本,加预算,60.0,4,35.8,81.71,45.91,0.31,1.106,2225,0.005
新互动广告系列-0923-西装1-1-新 - 广告副本,加预算,60.0,5,36.35,54.58,18.24,0.3,1.107,2184,0.005
新销量广告系列-0923-西装2-1-新,不动,20,1,20.58,17.73,-2.85,0.12,1.184,762,0.004
新销量广告系列-0923-西装2-1-新,不动,20,2,18.98,17.78,-1.21,0.12,1.185,782,0.004
新销量广告系列-0923-西装2-1-新,不动,20,3,19.83,17.46,-2.36,0.12,1.185,798,0.005
新销量广告系列-0923-西装2-1-新,不动,20,4,19.54,20.39,0.85,0.12,1.186,789,0.006
新销量广告系列-0923-西装2-1-新,不动,20,5,20.54,19.68,-0.86,0.13,1.187,853,0.006
新销量广告系列-0923-西装2-1-新,加预算,24.0,1,21.93,20.73,-1.2,0.14,1.184,762,0.004
新销量广告系列-0923-西装2-1-新,加预算,24.0,2,22.77,23.4,0.63,0.16,1.185,782,0.004
新销量广告系列-0923-西装2-1-新,加预算,24.0,3,23.79,23.0,-0.79,0.16,1.185,798,0.005
新销量广告系列-0923-西装2-1-新,加预算,24.0,4,22.79,26.1,3.31,0.16,1.186,789,0.006
新销量广告系列-0923-西装2-1-新,加预算,24.0,5,22.26,23.42,1.15,0.16,1.187,853,0.006
新销量广告系列-0923-西装2-1-新 - 广告副本,不动,20,1,20.07,29.22,9.15,0.26,1.183,915,0.005
新销量广告系列-0923-西装2-1-新 - 广告副本,不动,20,2,20.44,31.82,11.38,0.28,1.184,983,0.006
新销量广告系列-0923-西装2-1-新 - 广告副本,不动,20,3,19.58,37.21,17.63,0.27,1.185,962,0.007
新销量广告系列-0923-西装2-1-新 - 广告副本,不动,20,4,19.76,47.98,28.22,0.27,1.186,965,0.007
新销量广告系列-0923-西装2-1-新 - 广告副本,不动,20,5,19.84,37.12,17.27,0.27,1.187,970,0.008
新销量广告系列-0923-西装2-1-新 - 广告副本,加预算,24.0,1,24.08,37.64,13.56,0.34,1.183,915,0.005
新销量广告系列-0923-西装2-1-新 - 广告副本,加预算,24.0,2,24.53,40.98,16.45,0.36,1.184,983,0.006
新销量广告系列-0923-西装2-1-新 - 广告副本,加预算,24.0,3,23.5,47.93,24.43,0.35,1.185,962,0.007
新销量广告系列-0923-西装2-1-新 - 广告副本,加预算,24.0,4,23.18,60.4,37.22,0.34,1.186,965,0.007
新销量广告系列-0923-西装2-1-新 - 广告副本,加预算,24.0,5,23.81,47.81,24.0,0.34,1.187,970,0.008
新销量广告系列-0923-西装3-1-新,不动,30,1,30.83,27.04,-3.79,0.18,1.186,1693,0.006
新销量广告系列-0923-西装3-1-新,不动,30,2,30.8,19.54,-11.25,0.14,1.187,1407,0.007
新销量广告系列-0923-西装3-1-新,不动,30,3,29.35,16.01,-13.34,0.13,1.188,1319,0.008
新销量广告系列-0923-西装3-1-新,不动,30,4,30.62,15.69,-14.93,0.13,1.189,1402,0.009
新销量广告系列-0923-西装3-1-新,不动,30,5,29.34,17.11,-12.23,0.12,1.19,1311,0.01
新销量广告系列-0923-西装3-1-新,加预算,36.0,1,37.0,36.35,-0.65,0.24,1.186,1693,0.006
新销量广告系列-0923-西装3-1-新,加预算,36.0,2,36.95,26.27,-10.69,0.19,1.187,1407,0.007
新销量广告系列-0923-西装3-1-新,加预算,36.0,3,35.22,21.51,-13.71,0.17,1.188,1319,0.008
新销量广告系列-0923-西装3-1-新,加预算,36.0,4,36.74,21.09,-15.65,0.18,1.189,1402,0.009
新销量广告系列-0923-西装3-1-新,加预算,36.0,5,35.21,23.0,-12.21,0.16,1.19,1311,0.01
新销量广告系列-0923-风衣1-1-新,不动,50,1,48.96,43.69,-5.26,0.4,1.222,2347,0.142
新销量广告系列-0923-风衣1-1-新,不动,50,2,48.02,38.7,-9.32,0.36,1.249,2092,0.16
新销量广告系列-0923-风衣1-1-新,不动,50,3,49.92,37.68,-12.25,0.39,1.276,2338,0.179
新销量广告系列-0923-风衣1-1-新,不动,50,4,49.5,42.6,-6.91,0.39,1.306,2323,0.198
新销量广告系列-0923-风衣1-1-新,不动,50,5,51.13,43.0,-8.12,0.37,1.337,2199,0.216
新销量广告系列-0923-风衣1-1-新,加预算,60.0,1,58.75,43.37,-15.37,0.4,1.222,2347,0.142
新销量广告系列-0923-风衣1-1-新,加预算,60.0,2,57.62,38.42,-19.2,0.35,1.249,2092,0.16
新销量广告系列-0923-风衣1-1-新,加预算,60.0,3,59.91,37.4,-22.5,0.39,1.276,2338,0.179
新销量广告系列-0923-风衣1-1-新,加预算,60.0,4,59.4,42.29,-17.12,0.39,1.306,2323,0.198
新销量广告系列-0923-风衣1-1-新,加预算,60.0,5,61.35,42.69,-18.66,0.36,1.337,2199,0.216
新销量广告系列-0923-风衣1-1-新 - 广告副本,不动,30,1,26.48,27.93,1.45,0.21,1.237,1217,0.022
新销量广告系列-0923-风衣1-1-新 - 广告副本,不动,30,2,25.77,24.79,-0.98,0.19,1.242,1148,0.026
新销量广告系列-0923-风衣1-1-新 - 广告副本,不动,30,3,25.89,26.86,0.97,0.2,1.246,1216,0.029
新销量广告系列-0923-风衣1-1-新 - 广告副本,不动,30,4,25.73,20.62,-5.11,0.16,1.25,1011,0.032
新销量广告系列-0923-风衣1-1-新 - 广告副本,不动,30,5,25.89,28.39,2.5,0.19,1.254,1218,0.036
新销量广告系列-0923-风衣1-1-新 - 广告副本,加预算,36.0,1,26.48,28.64,2.16,0.21,1.237,1217,0.022
新销量广告系列-0923-风衣1-1-新 - 广告副本,加预算,36.0,2,25.77,25.42,-0.35,0.2,1.242,1148,0.026
新销量广告系列-0923-风衣1-1-新 - 广告副本,加预算,36.0,3,25.89,27.54,1.65,0.2,1.246,1216,0.029
新销量广告系列-0923-风衣1-1-新 - 广告副本,加预算,36.0,4,25.73,21.14,-4.59,0.16,1.25,1011,0.032
新销量广告系列-0923-风衣1-1-新 - 广告副本,加预算,36.0,5,25.89,29.11,3.22,0.19,1.254,1218,0.036
新销量广告系列-0923-风衣2-1-新,不动,10,1,5.02,8.55,3.53,0.06,1.076,260,0.003
新销量广告系列-0923-风衣2-1-新,不动,10,2,4.94,8.02,3.08,0.07,1.077,275,0.004
新销量广告系列-0923-风衣2-1-新,不动,10,3,5.14,9.04,3.91,0.07,1.078,305,0.004
新销量广告系列-0923-风衣2-1-新,不动,10,4,4.69,6.79,2.1,0.06,1.078,250,0.005
新销量广告系列-0923-风衣2-1-新,不动,10,5,4.96,7.0,2.04,0.06,1.079,278,0.005
新销量广告系列-0923-风衣2-1-新,加预算,12.0,1,5.02,8.96,3.93,0.07,1.076,260,0.003
新销量广告系列-0923-风衣2-1-新,加预算,12.0,2,4.94,8.4,3.46,0.07,1.077,275,0.004
新销量广告系列-0923-风衣2-1-新,加预算,12.0,3,5.14,9.48,4.34,0.08,1.078,305,0.004
新销量广告系列-0923-风衣2-1-新,加预算,12.0,4,4.69,7.12,2.43,0.06,1.078,250,0.005
新销量广告系列-0923-风衣2-1-新,加预算,12.0,5,4.96,7.33,2.37,0.07,1.079,278,0.005
新互动广告系列-0923-风衣2-1-新 - 广告副本,不动,20,1,19.95,7.7,-12.25,0.08,1.195,1135,0.101
新互动广告系列-0923-风衣2-1-新 - 广告副本,不动,20,2,19.07,6.87,-12.2,0.07,1.216,1056,0.116
新互动广告系列-0923-风衣2-1-新 - 广告副本,不动,20,3,17.71,7.04,-10.68,0.06,1.236,967,0.13
新互动广告系列-0923-风衣2-1-新 - 广告副本,不动,20,4,19.95,6.49,-13.46,0.07,1.257,1072,0.145
新互动广告系列-0923-风衣2-1-新 - 广告副本,不动,20,5,20.47,6.52,-13.95,0.07,1.279,1024,0.16
新互动广告系列-0923-风衣2-1-新 - 广告副本,加预算,24.0,1,23.93,7.68,-16.25,0.08,1.195,1135,0.101
新互动广告系列-0923-风衣2-1-新 - 广告副本,加预算,24.0,2,22.88,6.86,-16.02,0.07,1.216,1056,0.116
新互动广告系列-0923-风衣2-1-新 - 广告副本,加预算,24.0,3,21.26,7.03,-14.23,0.06,1.236,967,0.13
新互动广告系列-0923-风衣2-1-新 - 广告副本,加预算,24.0,4,23.95,6.48,-17.46,0.07,1.257,1072,0.145
新互动广告系列-0923-风衣2-1-新 - 广告副本,加预算,24.0,5,24.57,6.51,-18.06,0.07,1.279,1024,0.16
新销量广告系列-0923-风衣3-1-新,不动,20,1,20.67,25.22,4.55,0.22,1.236,1077,0.006
新销量广告系列-0923-风衣3-1-新,不动,20,2,19.89,23.74,3.85,0.2,1.237,1000,0.007
新销量广告系列-0923-风衣3-1-新,不动,20,3,19.58,24.58,5.0,0.19,1.238,973,0.009
新销量广告系列-0923-风衣3-1-新,不动,20,4,19.48,26.99,7.52,0.18,1.24,945,0.009
新销量广告系列-0923-风衣3-1-新,不动,20,5,20.01,22.72,2.71,0.18,1.241,959,0.01
新销量广告系列-0923-风衣3-1-新,加预算,24.0,1,21.96,30.01,8.05,0.26,1.236,1077,0.006
新销量广告系列-0923-风衣3-1-新,加预算,24.0,2,21.74,29.06,7.32,0.25,1.237,1000,0.007
新销量广告系列-0923-风衣3-1-新,加预算,24.0,3,21.57,30.33,8.76,0.24,1.238,973,0.009
新销量广告系列-0923-风衣3-1-新,加预算,24.0,4,21.85,33.91,12.06,0.23,1.24,945,0.009
新销量广告系列-0923-风衣3-1-新,加预算,24.0,5,22.43,28.53,6.09,0.23,1.241,959,0.01
新销量广告系列-0923-半身裙1-1-新,不动,25,1,24.55,53.74,29.2,0.69,1.19,1482,0.036
新销量广告系列-0923-半身裙1-1-新,不动,25,2,25.52,44.55,19.03,0.68,1.196,1475,0.041
新销量广告系列-0923-半身裙1-1-新,不动,25,3,25.82,43.86,18.04,0.6,1.203,1329,0.046
新销量广告系列-0923-半身裙1-1-新,不动,25,4,25.16,40.21,15.06,0.6,1.209,1334,0.051
新销量广告系列-0923-半身裙1-1-新,不动,25,5,24.09,46.55,22.46,0.6,1.216,1351,0.056
新销量广告系列-0923-半身裙1-1-新,加预算,30.0,1,29.46,62.87,33.41,0.81,1.19,1482,0.036
新销量广告系列-0923-半身裙1-1-新,加预算,30.0,2,30.63,52.12,21.49,0.8,1.196,1475,0.041
新销量广告系列-0923-半身裙1-1-新,加预算,30.0,3,30.99,51.31,20.32,0.71,1.203,1329,0.046
新销量广告系列-0923-半身裙1-1-新,加预算,30.0,4,30.19,47.04,16.85,0.7,1.209,1334,0.051
新销量广告系列-0923-半身裙1-1-新,加预算,30.0,5,28.91,54.46,25.55,0.7,1.216,1351,0.056
新销量广告系列-0923-半身裙1-1-新 - 广告副本,不动,40,1,38.97,78.25,39.28,1.06,1.301,2425,0.162
新销量广告系列-0923-半身裙1-1-新 - 广告副本,不动,40,2,41.0,102.7,61.7,1.05,1.34,2413,0.186
新销量广告系列-0923-半身裙1-1-新 - 广告副本,不动,40,3,41.53,84.28,42.75,1.05,1.381,2436,0.211
新销量广告系列-0923-半身裙1-1-新 - 广告副本,不动,40,4,38.96,99.8,60.83,0.98,1.424,2281,0.234
新销量广告系列-0923-半身裙1-1-新 - 广告副本,不动,40,5,39.41,75.04,35.63,0.77,1.463,1805,0.253
新销量广告系列-0923-半身裙1-1-新 - 广告副本,加预算,48.0,1,46.76,80.18,33.42,1.08,1.301,2425,0.162
新销量广告系列-0923-半身裙1-1-新 - 广告副本,加预算,48.0,2,49.2,105.23,56.03,1.07,1.34,2413,0.186
新销量广告系列-0923-半身裙1-1-新 - 广告副本,加预算,48.0,3,49.83,86.36,36.52,1.08,1.381,2436,0.211
新销量广告系列-0923-半身裙1-1-新 - 广告副本,加预算,48.0,4,46.76,102.26,55.5,1.01,1.424,2281,0.234
新销量广告系列-0923-半身裙1-1-新 - 广告副本,加预算,48.0,5,47.29,76.9,29.61,0.79,1.463,1805,0.253
新流量广告系列-0923-半身裙2-1-新,不动,20,1,19.85,20.52,0.68,0.28,1.171,1270,0.013
新流量广告系列-0923-半身裙2-1-新,不动,20,2,19.56,27.94,8.38,0.31,1.174,1425,0.015
新流量广告系列-0923-半身裙2-1-新,不动,20,3,19.56,24.27,4.71,0.29,1.176,1335,0.017
新流量广告系列-0923-半身裙2-1-新,不动,20,4,20.27,20.89,0.63,0.29,1.179,1326,0.019
新流量广告系列-0923-半身裙2-1-新,不动,20,5,19.85,18.64,-1.22,0.28,1.181,1262,0.021
新流量广告系列-0923-半身裙2-1-新,加预算,24.0,1,23.82,24.9,1.08,0.34,1.171,1270,0.013
新流量广告系列-0923-半身裙2-1-新,加预算,24.0,2,23.47,33.9,10.43,0.38,1.174,1425,0.015
新流量广告系列-0923-半身裙2-1-新,加预算,24.0,3,23.47,29.44,5.98,0.36,1.176,1335,0.017
新流量广告系列-0923-半身裙2-1-新,加预算,24.0,4,24.32,25.35,1.03,0.35,1.179,1326,0.019
新流量广告系列-0923-半身裙2-1-新,加预算,24.0,5,23.82,22.61,-1.21,0.33,1.181,1262,0.021
新销量广告系列-0923-半身裙2-1-新 - 广告副本,不动,20,1,19.75,24.21,4.46,0.4,1.32,1183,0.157
新销量广告系列-0923-半身裙2-1-新 - 广告副本,不动,20,2,19.42,22.05,2.63,0.37,1.356,1072,0.179
新销量广告系列-0923-半身裙2-1-新 - 广告副本,不动,20,3,19.35,23.83,4.48,0.34,1.391,977,0.199
新销量广告系列-0923-半身裙2-1-新 - 广告副本,不动,20,4,20.67,22.03,1.36,0.37,1.427,1072,0.22
新销量广告系列-0923-半身裙2-1-新 - 广告副本,不动,20,5,21.38,21.55,0.17,0.41,1.47,1183,0.244
新销量广告系列-0923-半身裙2-1-新 - 广告副本,加预算,24.0,1,22.6,24.06,1.46,0.4,1.32,1183,0.157
新销量广告系列-0923-半身裙2-1-新 - 广告副本,加预算,24.0,2,23.31,22.98,-0.33,0.38,1.356,1072,0.179
新销量广告系列-0923-半身裙2-1-新 - 广告副本,加预算,24.0,3,19.68,21.05,1.37,0.3,1.391,977,0.199
新销量广告系列-0923-半身裙2-1-新 - 广告副本,加预算,24.0,4,21.86,20.23,-1.63,0.34,1.427,1072,0.22
新销量广告系列-0923-半身裙2-1-新 - 广告副本,加预算,24.0,5,23.36,20.45,-2.91,0.39,1.47,1183,0.244
新销量广告系列-0923-半身裙3-1-新,不动,50,1,48.76,91.44,42.68,1.0,1.191,3324,0.073
新销量广告系列-0923-半身裙3-1-新,不动,50,2,49.66,66.61,16.94,0.99,1.205,3327,0.084
新销量广告系列-0923-半身裙3-1-新,不动,50,3,53.56,81.04,27.49,1.1,1.221,3745,0.096
新销量广告系列-0923-半身裙3-1-新,不动,50,4,50.21,79.61,29.4,1.0,1.237,3426,0.108
新销量广告系列-0923-半身裙3-1-新,不动,50,5,49.6,75.78,26.18,0.97,1.253,3341,0.119
新销量广告系列-0923-半身裙3-1-新,加预算,60.0,1,58.51,99.96,41.45,1.09,1.191,3324,0.073
新销量广告系列-0923-半身裙3-1-新,加预算,60.0,2,58.04,70.91,12.87,1.05,1.205,3327,0.084
新销量广告系列-0923-半身裙3-1-新,加预算,60.0,3,58.29,80.35,22.07,1.09,1.221,3745,0.096
新销量广告系列-0923-半身裙3-1-新,加预算,60.0,4,60.25,87.03,26.78,1.09,1.237,3426,0.108
新销量广告系列-0923-半身裙3-1-新,加预算,60.0,5,59.53,82.84,23.32,1.06,1.253,3341,0.119
新销量广告系列-0923-运动裤1-1-新,不动,20,1,8.4,10.82,2.42,0.17,1.298,486,0.004
新销量广告系列-0923-运动裤1-1-新,不动,20,2,9.13,11.81,2.68,0.16,1.299,471,0.004
新销量广告系列-0923-运动裤1-1-新,不动,20,3,8.87,11.95,3.07,0.17,1.3,504,0.005
新销量广告系列-0923-运动裤1-1-新,不动,20,4,8.85,10.95,2.09,0.16,1.301,488,0.006
新销量广告系列-0923-运动裤1-1-新,不动,20,5,8.46,12.45,3.99,0.16,1.302,486,0.006
新销量广告系列-0923-运动裤1-1-新,加预算,24.0,1,8.4,11.86,3.46,0.19,1.298,486,0.004
新销量广告系列-0923-运动裤1-1-新,加预算,24.0,2,9.13,12.95,3.82,0.18,1.299,471,0.004
新销量广告系列-0923-运动裤1-1-新,加预算,24.0,3,8.87,13.09,4.22,0.19,1.3,504,0.005
新销量广告系列-0923-运动裤1-1-新,加预算,24.0,4,8.85,12.0,3.15,0.18,1.301,488,0.006
新销量广告系列-0923-运动裤1-1-新,加预算,24.0,5,8.46,13.65,5.18,0.17,1.302,486,0.006
新互动广告系列-0923-运动裤1-1-新 - 广告副本,不动,40,1,41.32,57.47,16.15,0.76,1.356,2990,0.153
新互动广告系列-0923-运动裤1-1-新 - 广告副本,不动,40,2,38.11,56.9,18.79,0.66,1.396,2583,0.176
新互动广告系列-0923-运动裤1-1-新 - 广告副本,不动,40,3,41.15,63.84,22.7,0.68,1.436,2594,0.2
新互动广告系列-0923-运动裤1-1-新 - 广告副本,不动,40,4,39.46,56.09,16.63,0.66,1.478,2484,0.222
新互动广告系列-0923-运动裤1-1-新 - 广告副本,不动,40,5,39.48,44.44,4.96,0.59,1.519,2205,0.242
新互动广告系列-0923-运动裤1-1-新 - 广告副本,加预算,48.0,1,45.29,57.37,12.08,0.75,1.356,2990,0.153
新互动广告系列-0923-运动裤1-1-新 - 广告副本,加预算,48.0,2,45.65,62.07,16.41,0.72,1.396,2583,0.176
新互动广告系列-0923-运动裤1-1-新 - 广告副本,加预算,48.0,3,43.74,61.8,18.06,0.65,1.436,2594,0.2
新互动广告系列-0923-运动裤1-1-新 - 广告副本,加预算,48.0,4,47.35,61.29,13.94,0.72,1.478,2484,0.222
新互动广告系列-0923-运动裤1-1-新 - 广告副本,加预算,48.0,5,45.69,46.84,1.15,0.62,1.519,2205,0.242
新销量广告系列-0923-运动裤2-1-新,不动,15,1,15.18,12.54,-2.64,0.17,1.21,882,0.008
新销量广告系列-0923-运动裤2-1-新,不动,15,2,15.01,12.91,-2.1,0.2,1.211,1072,0.009
新销量广告系列-0923-运动裤2-1-新,不动,15,3,14.96,13.88,-1.08,0.18,1.213,999,0.011
新销量广告系列-0923-运动裤2-1-新,不动,15,4,15.89,13.03,-2.85,0.18,1.215,1042,0.012
新销量广告系列-0923-运动裤2-1-新,不动,15,5,14.81,10.99,-3.83,0.17,1.216,1000,0.013
新销量广告系列-0923-运动裤2-1-新,加预算,18.0,1,18.22,14.9,-3.32,0.2,1.21,882,0.008
新销量广告系列-0923-运动裤2-1-新,加预算,18.0,2,18.01,15.34,-2.67,0.23,1.211,1072,0.009
新销量广告系列-0923-运动裤2-1-新,加预算,18.0,3,17.96,16.49,-1.46,0.21,1.213,999,0.011
新销量广告系列-0923-运动裤2-1-新,加预算,18.0,4,19.06,15.49,-3.58,0.22,1.215,1042,0.012
新销量广告系列-0923-运动裤2-1-新,加预算,18.0,5,17.78,13.06,-4.72,0.21,1.216,1000,0.013
新销量广告系列-0923-运动裤2-1-新 - 广告副本,不动,20,1,14.91,52.44,37.53,0.78,1.124,1145,0.004
新销量广告系列-0923-运动裤2-1-新 - 广告副本,不动,20,2,16.35,68.3,51.95,0.79,1.125,1164,0.005
新销量广告系列-0923-运动裤2-1-新 - 广告副本,不动,20,3,15.28,59.44,44.15,0.72,1.125,1071,0.006
新销量广告系列-0923-运动裤2-1-新 - 广告副本,不动,20,4,14.3,59.71,45.42,0.72,1.126,1070,0.006
新销量广告系列-0923-运动裤2-1-新 - 广告副本,不动,20,5,14.39,49.95,35.56,0.69,1.127,1039,0.007
新销量广告系列-0923-运动裤2-1-新 - 广告副本,加预算,24.0,1,14.91,55.94,41.03,0.83,1.124,1145,0.004
新销量广告系列-0923-运动裤2-1-新 - 广告副本,加预算,24.0,2,16.35,72.86,56.51,0.84,1.125,1164,0.005
新销量广告系列-0923-运动裤2-1-新 - 广告副本,加预算,24.0,3,15.28,63.41,48.12,0.77,1.125,1071,0.006
新销量广告系列-0923-运动裤2-1-新 - 广告副本,加预算,24.0,4,14.3,63.7,49.4,0.77,1.126,1070,0.006
新销量广告系列-0923-运动裤2-1-新 - 广告副本,加预算,24.0,5,14.39,53.28,38.89,0.74,1.127,1039,0.007
新销量广告系列-0923-运动裤3-1-新,不动,10,1,5.75,3.62,-2.13,0.08,1.134,401,0.001
新销量广告系列-0923-运动裤3-1-新,不动,10,2,5.6,5.25,-0.35,0.07,1.135,382,0.001
新销量广告系列-0923-运动裤3-1-新,不动,10,3,5.31,4.54,-0.77,0.08,1.135,412,0.001
新销量广告系列-0923-运动裤3-1-新,不动,10,4,5.63,4.39,-1.24,0.08,1.135,423,0.002
新销量广告系列-0923-运动裤3-1-新,不动,10,5,5.81,4.04,-1.77,0.08,1.135,411,0.002
新销量广告系列-0923-运动裤3-1-新,加预算,12.0,1,5.75,3.6,-2.15,0.08,1.134,401,0.001
新销量广告系列-0923-运动裤3-1-新,加预算,12.0,2,5.6,5.23,-0.37,0.07,1.135,382,0.001
新销量广告系列-0923-运动裤3-1-新,加预算,12.0,3,5.31,4.53,-0.79,0.08,1.135,412,0.001
新销量广告系列-0923-运动裤3-1-新,加预算,12.0,4,5.63,4.38,-1.26,0.08,1.135,423,0.002
新销量广告系列-0923-运动裤3-1-新,加预算,12.0,5,5.81,4.03,-1.78,0.07,1.135,411,0.002
新互动广告系列-0923-背心1-1-新,不动,25,1,25.39,22.62,-2.77,0.55,1.245,1820,0.006
新互动广告系列-0923-背心1-1-新,不动,25,2,24.98,22.67,-2.32,0.56,1.246,1839,0.007
新互动广告系列-0923-背心1-1-新,不动,25,3,25.94,24.76,-1.18,0.61,1.248,1995,0.008
新互动广告系列-0923-背心1-1-新,不动,25,4,22.47,17.78,-4.69,0.47,1.249,1546,0.009
新互动广告系列-0923-背心1-1-新,不动,25,5,25.33,21.42,-3.92,0.56,1.25,1855,0.009
新互动广告系列-0923-背心1-1-新,加预算,30.0,1,29.27,27.83,-1.44,0.68,1.245,1820,0.006
新互动广告系列-0923-背心1-1-新,加预算,30.0,2,29.98,29.03,-0.95,0.72,1.246,1839,0.007
新互动广告系列-0923-背心1-1-新,加预算,30.0,3,30.12,30.68,0.57,0.75,1.248,1995,0.008
新互动广告系列-0923-背心1-1-新,加预算,30.0,4,26.96,22.77,-4.19,0.6,1.249,1546,0.009
新互动广告系列-0923-背心1-1-新,加预算,30.0,5,29.87,26.95,-2.92,0.71,1.25,1855,0.009
新销量广告系列-0923-背心1-1-新 - 广告副本,不动,20,1,19.02,22.83,3.8,0.77,1.95,1047,0.413
新销量广告系列-0923-背心1-1-新 - 广告副本,不动,20,2,20.69,26.66,5.97,0.79,2.128,1029,0.464
新销量广告系列-0923-背心1-1-新 - 广告副本,不动,20,3,20.07,25.37,5.3,0.75,2.327,927,0.509
新销量广告系列-0923-背心1-1-新 - 广告副本,不动,20,4,20.49,21.88,1.39,0.63,2.528,739,0.546
新销量广告系列-0923-背心1-1-新 - 广告副本,不动,20,5,20.43,29.19,8.75,0.67,2.743,760,0.583
新销量广告系列-0923-背心1-1-新 - 广告副本,加预算,24.0,1,22.83,19.44,-3.39,0.66,1.95,1047,0.413
新销量广告系列-0923-背心1-1-新 - 广告副本,加预算,24.0,2,24.83,22.7,-2.12,0.67,2.128,1029,0.464
新销量广告系列-0923-背心1-1-新 - 广告副本,加预算,24.0,3,24.09,21.61,-2.48,0.64,2.327,927,0.509
新销量广告系列-0923-背心1-1-新 - 广告副本,加预算,24.0,4,24.59,18.63,-5.96,0.53,2.528,739,0.546
新销量广告系列-0923-背心1-1-新 - 广告副本,加预算,24.0,5,24.52,24.86,0.34,0.57,2.743,760,0.583
新销量广告系列-0923-背心2-1-新,不动,30,1,30.5,54.03,23.54,1.51,1.725,1811,0.268
新销量广告系列-0923-背心2-1-新,不动,30,2,29.5,47.27,17.77,1.39,1.821,1621,0.306
新销量广告系列-0923-背心2-1-新,不动,30,3,29.45,48.27,18.81,1.36,1.921,1540,0.342
新销量广告系列-0923-背心2-1-新,不动,30,4,29.66,43.8,14.14,1.27,2.024,1406,0.375
新销量广告系列-0923-背心2-1-新,不动,30,5,30.03,49.87,19.84,1.28,2.131,1369,0.407
新销量广告系列-0923-背心2-1-新,加预算,36.0,1,36.6,53.79,17.19,1.5,1.725,1811,0.268
新销量广告系列-0923-背心2-1-新,加预算,36.0,2,35.39,47.05,11.66,1.38,1.821,1621,0.306
新销量广告系列-0923-背心2-1-新,加预算,36.0,3,35.34,48.05,12.7,1.35,1.921,1540,0.342
新销量广告系列-0923-背心2-1-新,加预算,36.0,4,35.6,43.6,8.01,1.27,2.024,1406,0.375
新销量广告系列-0923-背心2-1-新,加预算,36.0,5,36.03,49.64,13.61,1.27,2.131,1369,0.407
新销量广告系列-0923-背心2-1-新 - 广告副本,不动,20,1,8.68,11.7,3.02,0.37,1.219,698,0.003
新销量广告系列-0923-背心2-1-新 - 广告副本,不动,20,2,8.3,14.03,5.73,0.34,1.22,662,0.003
新销量广告系列-0923-背心2-1-新 - 广告副本,不动,20,3,8.7,11.83,3.14,0.38,1.22,757,0.003
新销量广告系列-0923-背心2-1-新 - 广告副本,不动,20,4,8.32,11.09,2.78,0.34,1.221,684,0.004
新销量广告系列-0923-背心2-1-新 - 广告副本,不动,20,5,8.1,10.69,2.59,0.32,1.221,650,0.004
新销量广告系列-0923-背心2-1-新 - 广告副本,加预算,24.0,1,8.68,10.21,1.53,0.32,1.219,698,0.003
新销量广告系列-0923-背心2-1-新 - 广告副本,加预算,24.0,2,8.3,12.24,3.94,0.3,1.22,662,0.003
新销量广告系列-0923-背心2-1-新 - 广告副本,加预算,24.0,3,8.7,10.32,1.63,0.33,1.22,757,0.003
新销量广告系列-0923-背心2-1-新 - 广告副本,加预算,24.0,4,8.32,9.68,1.36,0.3,1.221,684,0.004
新销量广告系列-0923-背心2-1-新 - 广告副本,加预算,24.0,5,8.1,9.32,1.23,0.28,1.221,650,0.004
新流量广告系列-0923-背心3-1-新,不动,20,1,19.73,22.86,3.13,0.62,1.231,1531,0.005
新流量广告系列-0923-背心3-1-新,不动,20,2,20.51,24.85,4.34,0.66,1.232,1694,0.006
新流量广告系列-0923-背心3-1-新,不动,20,3,19.53,21.52,1.99,0.58,1.233,1527,0.006
新流量广告系列-0923-背心3-1-新,不动,20,4,18.97,15.36,-3.61,0.52,1.234,1414,0.007
新流量广告系列-0923-背心3-1-新,不动,20,5,19.28,16.84,-2.44,0.5,1.235,1405,0.008
新流量广告系列-0923-背心3-1-新,加预算,24.0,1,20.87,24.78,3.91,0.67,1.231,1531,0.005
新流量广告系列-0923-背心3-1-新,加预算,24.0,2,21.86,27.14,5.28,0.72,1.232,1694,0.006
新流量广告系列-0923-背心3-1-新,加预算,24.0,3,20.52,23.17,2.65,0.63,1.233,1527,0.006
新流量广告系列-0923-背心3-1-新,加预算,24.0,4,21.71,18.01,-3.7,0.61,1.234,1414,0.007
新流量广告系列-0923-背心3-1-新,加预算,24.0,5,20.19,18.07,-2.12,0.54,1.235,1405,0.008
新互动广告系列-0923-围巾1-1-新,不动,30,1,29.29,12.63,-16.67,0.32,1.548,1732,0.324
新互动广告系列-0923-围巾1-1-新,不动,30,2,27.42,8.91,-18.51,0.27,1.64,1428,0.359
新互动广告系列-0923-围巾1-1-新,不动,30,3,29.61,9.21,-20.4,0.28,1.733,1443,0.395
新互动广告系列-0923-围巾1-1-新,不动,30,4,30.31,8.92,-21.38,0.28,1.837,1399,0.429
新互动广告系列-0923-围巾1-1-新,不动,30,5,30.01,10.04,-19.97,0.28,1.949,1353,0.463
新互动广告系列-0923-围巾1-1-新,加预算,36.0,1,35.15,11.13,-24.02,0.28,1.548,1732,0.324
新互动广告系列-0923-围巾1-1-新,加预算,36.0,2,32.91,7.86,-25.05,0.24,1.64,1428,0.359
新互动广告系列-0923-围巾1-1-新,加预算,36.0,3,35.53,8.12,-27.42,0.25,1.733,1443,0.395
新互动广告系列-0923-围巾1-1-新,加预算,36.0,4,36.37,7.86,-28.5,0.24,1.837,1399,0.429
新互动广告系列-0923-围巾1-1-新,加预算,36.0,5,36.01,8.84,-27.17,0.24,1.949,1353,0.463
新销量广告系列-0923-围巾1-1-新 - 广告副本,不动,50,1,24.53,56.8,32.27,1.55,1.559,1515,0.253
新销量广告系列-0923-围巾1-1-新 - 广告副本,不动,50,2,25.56,72.22,46.66,1.76,1.642,1670,0.293
新销量广告系列-0923-围巾1-1-新 - 广告副本,不动,50,3,24.3,66.23,41.93,1.46,1.728,1343,0.326
新销量广告系列-0923-围巾1-1-新 - 广告副本,不动,50,4,24.3,64.67,40.38,1.49,1.813,1323,0.358
新销量广告系列-0923-围巾1-1-新 - 广告副本,不动,50,5,23.93,59.86,35.93,1.62,1.907,1393,0.391
新销量广告系列-0923-围巾1-1-新 - 广告副本,加预算,60.0,1,24.53,46.1,21.57,1.26,1.559,1515,0.253
新销量广告系列-0923-围巾1-1-新 - 广告副本,加预算,60.0,2,25.56,58.61,33.05,1.43,1.642,1670,0.293
新销量广告系列-0923-围巾1-1-新 - 广告副本,加预算,60.0,3,24.3,53.75,29.46,1.19,1.728,1343,0.326
新销量广告系列-0923-围巾1-1-新 - 广告副本,加预算,60.0,4,24.3,52.49,28.19,1.21,1.813,1323,0.358
新销量广告系列-0923-围巾1-1-新 - 广告副本,加预算,60.0,5,23.93,48.58,24.65,1.31,1.907,1393,0.391
新销量广告系列-0923-围巾2-1-新,不动,25,1,25.74,38.25,12.51,1.07,1.809,1623,0.37
新销量广告系列-0923-围巾2-1-新,不动,25,2,27.24,32.19,4.94,0.97,1.964,1422,0.418
新销量广告系列-0923-围巾2-1-新,不动,25,3,25.81,26.02,0.21,0.9,2.124,1272,0.462
新销量广告系列-0923-围巾2-1-新,不动,25,4,25.46,30.03,4.57,0.85,2.294,1159,0.501
新销量广告系列-0923-围巾2-1-新,不动,25,5,25.27,24.14,-1.13,0.84,2.479,1111,0.539
新销量广告系列-0923-围巾2-1-新,加预算,30.0,1,30.74,35.23,4.49,0.99,1.809,1623,0.37
新销量广告系列-0923-围巾2-1-新,加预算,30.0,2,31.28,28.5,-2.79,0.86,1.964,1422,0.418
新销量广告系列-0923-围巾2-1-新,加预算,30.0,3,30.97,24.07,-6.9,0.83,2.124,1272,0.462
新销量广告系列-0923-围巾2-1-新,加预算,30.0,4,30.55,27.78,-2.77,0.78,2.294,1159,0.501
新销量广告系列-0923-围巾2-1-新,加预算,30.0,5,29.27,21.56,-7.71,0.75,2.479,1111,0.539
新销量广告系列-0923-围巾2-1-新 - 广告副本,不动,20,1,18.35,18.89,0.54,0.6,1.291,1625,0.023
新销量广告系列-0923-围巾2-1-新 - 广告副本,不动,20,2,18.57,21.33,2.77,0.52,1.297,1417,0.027
新销量广告系列-0923-围巾2-1-新 - 广告副本,不动,20,3,19.04,23.11,4.07,0.53,1.302,1442,0.031
新销量广告系列-0923-围巾2-1-新 - 广告副本,不动,20,4,17.32,12.87,-4.45,0.48,1.307,1302,0.035
新销量广告系列-0923-围巾2-1-新 - 广告副本,不动,20,5,18.27,17.16,-1.11,0.47,1.312,1288,0.038
新销量广告系列-0923-围巾2-1-新 - 广告副本,加预算,24.0,1,18.35,17.92,-0.43,0.57,1.291,1625,0.023
新销量广告系列-0923-围巾2-1-新 - 广告副本,加预算,24.0,2,18.57,20.24,1.67,0.5,1.297,1417,0.027
新销量广告系列-0923-围巾2-1-新 - 广告副本,加预算,24.0,3,19.04,21.93,2.88,0.5,1.302,1442,0.031
新销量广告系列-0923-围巾2-1-新 - 广告副本,加预算,24.0,4,17.32,12.21,-5.11,0.45,1.307,1302,0.035
新销量广告系列-0923-围巾2-1-新 - 广告副本,加预算,24.0,5,18.27,16.28,-1.99,0.44,1.312,1288,0.038
新销量广告系列-0923-围巾3-1-新,不动,40,1,39.41,116.97,77.56,2.48,1.249,3065,0.031
新销量广告系列-0923-围巾3-1-新,不动,40,2,40.09,118.18,78.09,2.67,1.256,3303,0.036
新销量广告系列-0923-围巾3-1-新,不动,40,3,42.21,122.6,80.38,2.5,1.263,3088,0.041
新销量广告系列-0923-围巾3-1-新,不动,40,4,40.67,88.86,48.19,2.55,1.27,3144,0.047
新销量广告系列-0923-围巾3-1-新,不动,40,5,39.85,106.78,66.93,2.62,1.277,3225,0.052
新销量广告系列-0923-围巾3-1-新,加预算,48.0,1,47.29,142.12,94.83,3.01,1.249,3065,0.031
新销量广告系列-0923-围巾3-1-新,加预算,48.0,2,48.11,143.59,95.48,3.25,1.256,3303,0.036
新销量广告系列-0923-围巾3-1-新,加预算,48.0,3,50.66,148.95,98.3,3.04,1.263,3088,0.041
新销量广告系列-0923-围巾3-1-新,加预算,48.0,4,48.81,107.97,59.16,3.1,1.27,3144,0.047
新销量广告系列-0923-围巾3-1-新,加预算,48.0,5,47.82,129.74,81.92,3.18,1.277,3225,0.052
新销量广告系列-0923-手表1-1-新,不动,30,1,28.66,23.95,-4.71,0.13,2.064,780,0.516
新销量广告系列-0923-手表1-1-新,不动,30,2,31.07,18.63,-12.44,0.13,2.323,737,0.572
新销量广告系列-0923-手表1-1-新,不动,30,3,31.16,28.42,-2.74,0.14,2.646,736,0.627
新销量广告系列-0923-手表1-1-新,不动,30,4,29.98,28.14,-1.84,0.14,3.046,659,0.677
新销量广告系列-0923-手表1-1-新,不动,30,5,29.21,16.68,-12.53,0.11,3.468,471,0.712
新销量广告系列-0923-手表1-1-新,加预算,36.0,1,34.39,18.38,-16.0,0.1,2.064,780,0.516
新销量广告系列-0923-手表1-1-新,加预算,36.0,2,37.28,14.3,-22.98,0.1,2.323,737,0.572
新销量广告系列-0923-手表1-1-新,加预算,36.0,3,37.39,21.82,-15.57,0.11,2.646,736,0.627
新销量广告系列-0923-手表1-1-新,加预算,36.0,4,35.97,21.6,-14.37,0.11,3.046,659,0.677
新销量广告系列-0923-手表1-1-新,加预算,36.0,5,35.05,12.8,-22.25,0.09,3.468,471,0.712
新销量广告系列-0923-手表1-1-新 - 广告副本,不动,20,1,19.27,52.44,33.17,0.39,1.09,966,0.043
新销量广告系列-0923-手表1-1-新 - 广告副本,不动,20,2,20.06,73.91,53.85,0.42,1.098,1059,0.051
新销量广告系列-0923-手表1-1-新 - 广告副本,不动,20,3,20.77,62.34,41.57,0.38,1.107,969,0.058
新销量广告系列-0923-手表1-1-新 - 广告副本,不动,20,4,21.18,59.26,38.08,0.39,1.115,1031,0.065
新销量广告系列-0923-手表1-1-新 - 广告副本,不动,20,5,20.18,53.64,33.46,0.36,1.124,955,0.072
新销量广告系列-0923-手表1-1-新 - 广告副本,加预算,24.0,1,23.12,59.77,36.65,0.45,1.09,966,0.043
新销量广告系列-0923-手表1-1-新 - 广告副本,加预算,24.0,2,24.07,84.24,60.17,0.48,1.098,1059,0.051
新销量广告系列-0923-手表1-1-新 - 广告副本,加预算,24.0,3,24.92,71.04,46.13,0.43,1.107,969,0.058
新销量广告系列-0923-手表1-1-新 - 广告副本,加预算,24.0,4,25.42,67.54,42.13,0.45,1.115,1031,0.065
新销量广告系列-0923-手表1-1-新 - 广告副本,加预算,24.0,5,24.22,61.13,36.91,0.41,1.124,955,0.072
新销量广告系列-0923-手表2-1-新,不动,20,1,19.5,21.16,1.66,0.08,1.233,899,0.059
新销量广告系列-0923-手表2-1-新,不动,20,2,19.85,16.68,-3.17,0.08,1.245,923,0.068
新销量广告系列-0923-手表2-1-新,不动,20,3,19.57,18.81,-0.75,0.08,1.258,899,0.077
新销量广告系列-0923-手表2-1-新,不动,20,4,19.24,22.2,2.97,0.08,1.27,900,0.086
新销量广告系列-0923-手表2-1-新,不动,20,5,21.4,24.55,3.16,0.09,1.284,998,0.096
新销量广告系列-0923-手表2-1-新,加预算,24.0,1,23.39,24.86,1.47,0.1,1.233,899,0.059
新销量广告系列-0923-手表2-1-新,加预算,24.0,2,23.82,19.59,-4.22,0.1,1.245,923,0.068
新销量广告系列-0923-手表2-1-新,加预算,24.0,3,23.48,22.1,-1.38,0.1,1.258,899,0.077
新销量广告系列-0923-手表2-1-新,加预算,24.0,4,23.08,26.09,3.0,0.1,1.27,900,0.086
新销量广告系列-0923-手表2-1-新,加预算,24.0,5,25.68,28.85,3.17,0.11,1.284,998,0.096
新互动广告系列-0923-手表2-1-新 - 广告副本,不动,30,1,27.23,4.52,-22.71,0.02,1.131,1424,0.027
新互动广告系列-0923-手表2-1-新 - 广告副本,不动,30,2,30.28,5.41,-24.87,0.02,1.136,1414,0.032
新互动广告系列-0923-手表2-1-新 - 广告副本,不动,30,3,30.26,5.76,-24.5,0.02,1.142,1563,0.037
新互动广告系列-0923-手表2-1-新 - 广告副本,不动,30,4,31.84,4.32,-27.52,0.02,1.147,1436,0.041
新互动广告系列-0923-手表2-1-新 - 广告副本,不动,30,5,28.77,3.42,-25.35,0.02,1.152,1283,0.045
新互动广告系列-0923-手表2-1-新 - 广告副本,加预算,36.0,1,32.67,5.84,-26.83,0.03,1.131,1424,0.027
新互动广告系列-0923-手表2-1-新 - 广告副本,加预算,36.0,2,36.34,7.0,-29.34,0.03,1.136,1414,0.032
新互动广告系列-0923-手表2-1-新 - 广告副本,加预算,36.0,3,36.32,7.45,-28.87,0.03,1.142,1563,0.037
新互动广告系列-0923-手表2-1-新 - 广告副本,加预算,36.0,4,38.21,5.59,-32.62,0.03,1.147,1436,0.041
新互动广告系列-0923-手表2-1-新 - 广告副本,加预算,36.0,5,34.52,4.42,-30.1,0.03,1.152,1283,0.045
新销量广告系列-0923-手表3-1-新,不动,30,1,28.68,56.74,28.06,0.32,1.042,1496,0.014
新销量广告系列-0923-手表3-1-新,不动,30,2,29.29,57.14,27.85,0.35,1.045,1615,0.016
新销量广告系列-0923-手表3-1-新,不动,30,3,31.11,78.46,47.36,0.31,1.047,1462,0.018
新销量广告系列-0923-手表3-1-新,不动,30,4,31.79,53.78,21.99,0.3,1.049,1440,0.021
新销量广告系列-0923-手表3-1-新,不动,30,5,32.04,66.76,34.72,0.31,1.052,1484,0.023
新销量广告系列-0923-手表3-1-新,加预算,36.0,1,34.41,67.19,32.77,0.38,1.042,1496,0.014
新销量广告系列-0923-手表3-1-新,加预算,36.0,2,35.15,67.67,32.52,0.41,1.045,1615,0.016
新销量广告系列-0923-手表3-1-新,加预算,36.0,3,36.14,89.95,53.82,0.35,1.047,1462,0.018
新销量广告系列-0923-手表3-1-新,加预算,36.0,4,37.07,61.88,24.81,0.35,1.049,1440,0.021
新销量广告系列-0923-手表3-1-新,加预算,36.0,5,35.26,72.5,37.24,0.33,1.052,1484,0.023
